{
    "train_oa": {
        "type": "index_value",
        "index": [
            1,
            2,
            3,
            4,
            5,
            6,
            7,
            8,
            9,
            10
        ],
        "value": [
            32.63180733347798,
            33.02234758082013,
            34.12887828162291,
            35.90800607507052,
            36.754176610978526,
            36.927750054241706,
            36.76502495118247,
            36.16836623996528,
            35.33304404426123,
            34.56281188978087
        ]
    },
    "train_aa": {
        "type": "index_value",
        "index": [
            1,
            2,
            3,
            4,
            5,
            6,
            7,
            8,
            9,
            10
        ],
        "value": [
            14.638832186075735,
            14.065798216666503,
            13.712919981618143,
            13.711445524120796,
            13.470890962046347,
            13.252223666995071,
            12.957353921761666,
            12.593236288726976,
            12.152260416327191,
            11.761769478087917
        ]
    },
    "train_kappa": {
        "type": "index_value",
        "index": [
            1,
            2,
            3,
            4,
            5,
            6,
            7,
            8,
            9,
            10
        ],
        "value": [
            19.732612268312444,
            19.401797249166684,
            19.761736995516298,
            20.899458038724294,
            21.00584755230155,
            20.549138941710645,
            19.767893101467937,
            18.60220947123302,
            17.165642866828502,
            15.895208860951726
        ]
    },
    "eval_time": 52.391340017318726,
    "param": {
        "data": {
            "data_sign": "Indian",
            "data_file": "Indian_0.1_pc",
            "patch_size": 17,
            "serve_patch_size": 9,
            "batch_size": 64,
            "num_classes": 16,
            "pca": 200,
            "dim_heads": 64,
            "spectral_size": 200,
            "random_rotate": false,
            "noise_type": "additive"
        },
        "net": {
            "trainer": "transformer",
            "use_mask": true,
            "mlp_dim": 8,
            "depth": 2,
            "dim": 64,
            "heads": 20,
            "kernal": 3,
            "padding": 1,
            "task_num": 3,
            "expert_num": 1,
            "task_label_list": [
                [
                    1,
                    2,
                    3
                ],
                [
                    9,
                    10,
                    11
                ]
            ],
            "task_weight": [
                1,
                0,
                0
            ]
        },
        "train": {
            "epochs": 10,
            "lr": 0.001,
            "weight_decay": 0
        },
        "uniq_name": "Indian_0.1_pc",
        "train_sign": "tent",
        "path_model_save": "./save_models/Indian_0.1_pc",
        "path_res": "./res/Indian_0.1_pc_tent_additive_12241630",
        "path_pic": "./res/Indian_0.1_pc_tent_additive_12241630.png"
    },
    "eval": {
        "classification": "                              precision    recall  f1-score   support\n\n                     Alfalfa     0.0000    0.0000    0.0000        41\n                 Corn-notill     0.8333    0.0584    0.1091      1285\n                Corn-mintill     0.0000    0.0000    0.0000       747\n                        Corn     0.0000    0.0000    0.0000       213\n               Grass-pasture     0.0000    0.0000    0.0000       434\n                 Grass-trees     0.0000    0.0000    0.0000       657\n         Grass-pasture-mowed     0.0000    0.0000    0.0000        25\n               Hay-windrowed     0.0000    0.0000    0.0000       430\n                        Oats     0.0000    0.0000    0.0000        18\n              Soybean-notill     0.0000    0.0000    0.0000       874\n             Soybean-mintill     0.2803    0.9991    0.4377      2209\n               Soybean-clean     0.0000    0.0000    0.0000       533\n                       Wheat     0.0000    0.0000    0.0000       184\n                       Woods     0.7798    0.7812    0.7805      1138\nBuildings-Grass-Trees-Drives     0.7500    0.0432    0.0817       347\n          Stone-Steel-Towers     0.0000    0.0000    0.0000        83\n\n                    accuracy                         0.3456      9218\n                   macro avg     0.1652    0.1176    0.0881      9218\n                weighted avg     0.3078    0.3456    0.2195      9218\n",
        "oa": 34.56281188978087,
        "confusion": "[[   0    0    0    0    0    0    0    0    0    0   41    0    0    0\n     0    0]\n [   0   75    0    0    0    0    0    0    0    0 1210    0    0    0\n     0    0]\n [   0    0    0    0    0    0    0    0    0    0  747    0    0    0\n     0    0]\n [   0    9    0    0    0    0    0    0    0    0  204    0    0    0\n     0    0]\n [   0    0    0    0    0    0    0    0    0    0  346    0    0   86\n     2    0]\n [   0    0    0    0    0    0    0    0    0    0  596    0    0   61\n     0    0]\n [   0    0    0    0    0    0    0    0    0    0   25    0    0    0\n     0    0]\n [   0    5    0    0    0    0    0    0    0    0  425    0    0    0\n     0    0]\n [   0    0    0    0    0    0    0    0    0    0   18    0    0    0\n     0    0]\n [   0    1    0    0    0    0    0    0    0    0  873    0    0    0\n     0    0]\n [   0    0    1    0    0    0    0    0    0    0 2207    0    0    0\n     1    0]\n [   0    0    0    0    0    0    0    0    0    0  533    0    0    0\n     0    0]\n [   0    0    0    0    0    0    0    0    0    0  181    0    0    1\n     2    0]\n [   0    0    0    0   84    0    0    0    0    0  165    0    0  889\n     0    0]\n [   0    0    0    0    0    0    0    0    0    0  229    0    0  103\n    15    0]\n [   0    0    0    0    0    0    0    0    0    8   75    0    0    0\n     0    0]]",
        "each_acc": "[ 0.          5.83657588  0.          0.          0.          0.\n  0.          0.          0.          0.         99.90946129  0.\n  0.         78.11950791  4.32276657  0.        ]",
        "aa": 11.761769478087917,
        "kappa": 15.895208860951726
    }
}