{
    "epoch_loss": {
        "type": "index_value",
        "index": [
            1,
            2,
            3,
            4,
            5,
            6,
            7,
            8,
            9,
            10,
            11,
            12,
            13,
            14,
            15,
            16,
            17,
            18,
            19,
            20,
            21,
            22,
            23,
            24,
            25,
            26,
            27,
            28,
            29,
            30,
            31,
            32,
            33,
            34,
            35,
            36,
            37,
            38,
            39,
            40,
            41,
            42,
            43,
            44,
            45,
            46,
            47,
            48,
            49,
            50,
            51,
            52,
            53,
            54,
            55,
            56,
            57,
            58,
            59,
            60,
            61,
            62,
            63,
            64,
            65,
            66,
            67,
            68,
            69,
            70,
            71,
            72,
            73,
            74,
            75,
            76,
            77,
            78,
            79,
            80,
            81,
            82,
            83,
            84,
            85,
            86,
            87,
            88,
            89,
            90,
            91,
            92,
            93,
            94,
            95,
            96,
            97,
            98,
            99,
            100
        ],
        "value": [
            1.7729039763592165,
            1.048626919993519,
            0.7205661277121291,
            0.5034865070143465,
            0.4370600900075731,
            0.3400127848859541,
            0.284391660933947,
            0.3217929172907433,
            0.19917521659475174,
            0.17331981676338362,
            0.17999844125442552,
            0.1186266250853991,
            0.15305814046929353,
            0.10364429985519744,
            0.12569395114470572,
            0.0679637576396738,
            0.08448906692782748,
            0.0604054637647567,
            0.04445026329834096,
            0.07890320774122456,
            0.05221674514077876,
            0.15237254501839334,
            0.051920599144160605,
            0.04972755569611153,
            0.10071034216822788,
            0.21362886234501563,
            0.15996348292288118,
            0.1802298586443973,
            0.18622713159325638,
            0.086551395627849,
            0.044525299775992,
            0.037160661773089944,
            0.03284925496491203,
            0.06510121005875061,
            0.040045372769689766,
            0.025230213528421964,
            0.10246218572712873,
            0.07819201557776934,
            0.04037130055201315,
            0.0914969428576112,
            0.05144720034347507,
            0.034962000043432785,
            0.08285955275497298,
            0.03397463570256013,
            0.044148340260206635,
            0.024021552629098115,
            0.028062115192703376,
            0.024492997777650537,
            0.014238904209902687,
            0.09690070388670965,
            0.11200871428116757,
            0.057353589743593315,
            0.13715550676577354,
            0.05645320583724048,
            0.09515669305249143,
            0.10643969282616664,
            0.0601826883544307,
            0.04002875990875591,
            0.01804100776820867,
            0.033632166353745475,
            0.042690300887083484,
            0.04073990876367203,
            0.12018764072308576,
            0.029311985747748192,
            0.009618217988424637,
            0.011478098037759173,
            0.02911641346675926,
            0.012378847008058915,
            0.005999974697973316,
            0.010376056125999367,
            0.08465148238034652,
            0.028052907248555598,
            0.02066648731058024,
            0.016015274520428658,
            0.012439621252590143,
            0.01954331108688438,
            0.02204243886916742,
            0.08959062627342206,
            0.05956465662830938,
            0.03570672970111063,
            0.026091281239423728,
            0.09687726618019624,
            0.1117403021114006,
            0.03122598751110462,
            0.017478009268025122,
            0.026983430747785708,
            0.015901875645919293,
            0.006132025529070782,
            0.027235253601178636,
            0.1262897058342495,
            0.05234174484572852,
            0.018637191843232388,
            0.026537107382595106,
            0.01886795670736735,
            0.06984751732825073,
            0.08213907132183548,
            0.1016695379775806,
            0.15095310309797597,
            0.06435062741711192,
            0.04147583674050306
        ]
    },
    "train_oa": {
        "type": "index_value",
        "index": [
            10,
            20,
            30,
            40,
            50,
            60,
            70,
            80,
            90,
            100
        ],
        "value": [
            57.944837686111796,
            44.75225774957286,
            89.1628020502807,
            74.762020990969,
            47.168659995118375,
            79.25311203319502,
            97.22968025384428,
            96.79033439101782,
            48.620942152794726,
            84.19575298999268
        ]
    },
    "train_aa": {
        "type": "index_value",
        "index": [
            10,
            20,
            30,
            40,
            50,
            60,
            70,
            80,
            90,
            100
        ],
        "value": [
            69.4564905078297,
            38.8738487902706,
            83.66027225054042,
            83.2381296966157,
            59.08341556861117,
            88.49881858654236,
            94.11533578391467,
            94.49275779524075,
            66.66637991925725,
            83.39483753833437
        ]
    },
    "train_kappa": {
        "type": "index_value",
        "index": [
            10,
            20,
            30,
            40,
            50,
            60,
            70,
            80,
            90,
            100
        ],
        "value": [
            54.815844539177846,
            37.215663371144856,
            87.55409302800061,
            71.49473394517328,
            44.72213393681335,
            76.7596787817826,
            96.83038668696905,
            96.33272413497589,
            44.649393859202114,
            81.58882577859698
        ]
    },
    "max_oa": {
        "type": "index_value",
        "index": [
            10,
            20,
            30,
            40,
            50,
            60,
            70,
            80,
            90,
            100
        ],
        "value": [
            57.944837686111796,
            57.944837686111796,
            89.1628020502807,
            89.1628020502807,
            89.1628020502807,
            89.1628020502807,
            97.22968025384428,
            97.22968025384428,
            97.22968025384428,
            97.22968025384428
        ]
    },
    "eval_time": 2.4559924602508545,
    "param": {
        "data": {
            "data_sign": "Indian",
            "data_file": "Indian_0.2_pc",
            "patch_size": 17,
            "serve_patch_size": 9,
            "batch_size": 64,
            "num_classes": 16,
            "pca": -1,
            "dim_heads": 64,
            "spectral_size": 200,
            "random_rotate": false,
            "noise_type": "clean"
        },
        "net": {
            "trainer": "transformer",
            "use_mask": true,
            "mlp_dim": 8,
            "depth": 2,
            "dim": 64,
            "heads": 20,
            "kernal": 3,