{
    "epoch_loss": {
        "type": "index_value",
        "index": [
            1,
            2,
            3,
            4,
            5,
            6,
            7,
            8,
            9,
            10,
            11,
            12,
            13,
            14,
            15,
            16,
            17,
            18,
            19,
            20,
            21,
            22,
            23,
            24,
            25,
            26,
            27,
            28,
            29,
            30,
            31,
            32,
            33,
            34,
            35,
            36,
            37,
            38,
            39,
            40,
            41,
            42,
            43,
            44,
            45,
            46,
            47,
            48,
            49,
            50,
            51,
            52,
            53,
            54,
            55,
            56,
            57,
            58,
            59,
            60,
            61,
            62,
            63,
            64,
            65,
            66,
            67,
            68,
            69,
            70,
            71,
            72,
            73,
            74,
            75,
            76,
            77,
            78,
            79,
            80,
            81,
            82,
            83,
            84,
            85,
            86,
            87,
            88,
            89,
            90,
            91,
            92,
            93,
            94,
            95,
            96,
            97,
            98,
            99,
            100
        ],
        "value": [
            2.6900070190429686,
            2.2074609279632567,
            1.9585768938064576,
            1.789853310585022,
            1.6244980335235595,
            1.5015486478805542,
            1.3771941900253295,
            1.2773142099380492,
            1.1616641998291015,
            1.097432827949524,
            0.9881417989730835,
            0.8733287215232849,
            0.8194750785827637,
            0.7546417355537415,
            0.7820991396903991,
            0.6299206495285035,
            0.5824660062789917,
            0.5064467430114746,
            0.44738993644714353,
            0.4044962763786316,
            0.378631716966629,
            0.3366055190563202,
            0.28634586930274963,
            0.2607463836669922,
            0.24691545367240905,
            0.23166368901729584,
            0.20178341567516328,
            0.18453229069709778,
            0.1482594132423401,
            0.13658570051193236,
            0.13598692417144775,
            0.1296521842479706,
            0.11580185294151306,
            0.10102801173925399,
            0.10013131946325302,
            0.08741739690303803,
            0.09712195694446564,
            0.07169757485389709,
            0.06778499782085419,
            0.0781323105096817,
            0.06274332702159882,
            0.0583416111767292,
            0.05542212128639221,
            0.0477262869477272,
            0.05532936751842499,
            0.04462895691394806,
            0.04235002174973488,
            0.04061884433031082,
            0.03686287179589272,
            0.03834721818566322,
            0.03833877518773079,
            0.036845102161169055,
            0.03226928785443306,
            0.03018361106514931,
            0.03436700105667114,
            0.02411586120724678,
            0.024864191934466363,
            0.02808145359158516,
            0.02432434558868408,
            0.02660976126790047,
            0.024513228982686996,
            0.025234194844961165,
            0.022657996416091918,
            0.021462642401456834,
            0.02055101953446865,
            0.019311953336000443,
            0.023762131854891778,
            0.016345445439219473,
            0.017061235010623933,
            0.017648565024137496,
            0.017214137688279153,
            0.016276713646948337,
            0.01791946738958359,
            0.01528826542198658,
            0.01453188732266426,
            0.013953247480094433,
            0.02175893634557724,
            0.02054409421980381,
            0.01605124827474356,
            0.013710402324795723,
            0.014372185617685319,
            0.015470955520868301,
            0.01579831391572952,
            0.011098891496658325,
            0.015193312615156173,
            0.010740794241428375,
            0.01446067839860916,
            0.013833684846758842,
            0.012278613448143006,
            0.013135236874222755,
            0.011787524446845055,
            0.012917770445346833,
            0.01220698468387127,
            0.009547941759228707,
            0.011992167867720126,
            0.009499288722872734,
            0.011035517416894436,
            0.0103904465213418,
            0.0075531905516982075,
            0.01067956443876028
        ]
    },
    "train_oa": {
        "type": "index_value",
        "index": [
            10,
            20,
            30,
            40,
            50,
            60,
            70,
            80,
            90,
            100
        ],
        "value": [
            34.730895034195655,
            42.15482208345723,
            65.42769352760432,
            65.45742888294181,
            64.40677966101694,
            68.6985826147289,
            68.28228764000397,
            65.07086926355437,
            67.2217266329666,
            67.42987412032907
        ]
    },
    "train_aa": {
        "type": "index_value",
        "index": [
            10,
            20,
            30,
            40,
            50,
            60,
            70,
            80,
            90,
            100
        ],
        "value": [
            50.73046619508109,
            64.01700659630846,
            75.85875903295499,
            77.93082061756272,
            71.76587355942567,
            79.83404700279804,
            80.26442455210278,
            77.57523961794257,
            77.99254786670822,
            79.75445944569493
        ]
    },
    "train_kappa": {
        "type": "index_value",
        "index": [
            10,
            20,
            30,
            40,
            50,
            60,
            70,
            80,
            90,
            100
        ],
        "value": [
            27.67214322800293,
            37.48410117960881,
            61.10042549687129,
            61.54978590953461,
            59.074545608337225,
            64.7341858683325,
            64.46804710598732,
            60.63862268797562,
            62.916946902347995,
            63.64175759776731
        ]
    },
    "max_oa": {
        "type": "index_value",
        "index": [
            10,
            20,
            30,
            40,
            50,
            60,
            70,
            80,
            90,
            100
        ],
        "value": [
            34.730895034195655,
            42.15482208345723,
            65.42769352760432,
            65.45742888294181,
            65.45742888294181,
            68.6985826147289,
            68.6985826147289,
            68.6985826147289,
            68.6985826147289,
            68.6985826147289
        ]
    },
    "eval_time": 1.3900384902954102,
    "param": {
        "data": {
            "data_sign": "Indian",
            "data_file": "Indian_10",
            "patch_size": 13,
            "serve_patch_size": 9,
            "batch_size": 64,
            "num_classes": 16,
            "pca": -1,
            "dim_heads": 64,
            "spectral_size": 200,
            "random_rotate": false,
            "noise_type": "clean"
        },
        "net": {
            "trainer": "CNN",
            "use_mask": true,
            "mlp_dim": 8,
            "depth": 2,
            "dim": 64,
            "heads": 20,
            "kernal": 3,