{
    "epoch_loss": {
        "type": "index_value",
        "index": [
            1,
            2,
            3,
            4,
            5,
            6,
            7,
            8,
            9,
            10,
            11,
            12,
            13,
            14,
            15,
            16,
            17,
            18,
            19,
            20,
            21,
            22,
            23,
            24,
            25,
            26,
            27,
            28,
            29,
            30,
            31,
            32,
            33,
            34,
            35,
            36,
            37,
            38,
            39,
            40,
            41,
            42,
            43,
            44,
            45,
            46,
            47,
            48,
            49,
            50,
            51,
            52,
            53,
            54,
            55,
            56,
            57,
            58,
            59,
            60,
            61,
            62,
            63,
            64,
            65,
            66,
            67,
            68,
            69,
            70,
            71,
            72,
            73,
            74,
            75,
            76,
            77,
            78,
            79,
            80,
            81,
            82,
            83,
            84,
            85,
            86,
            87,
            88,
            89,
            90,
            91,
            92,
            93,
            94,
            95,
            96,
            97,
            98,
            99,
            100
        ],
        "value": [
            1.1978825448928379,
            0.2747590291529096,
            0.12939018322893592,
            0.07240970818520752,
            0.04645936017778958,
            0.0347341777271888,
            0.026667833729780793,
            0.01885460603193645,
            0.012485449364150528,
            0.007348964821973276,
            0.005860779213281733,
            0.005545750891205168,
            0.0045793029821847185,
            0.004485013925554253,
            0.003370432764599938,
            0.0028807383447595467,
            0.002736480306117929,
            0.0026574005900798343,
            0.009509857256337094,
            0.008700124051539712,
            0.003288875716917416,
            0.0023675045206997805,
            0.0018528454096357898,
            0.010003023522559308,
            0.01831949102463441,
            0.029476589241593062,
            0.016227716631697912,
            0.019306155870648198,
            0.0069824490403878866,
            0.0022664950530604435,
            0.0033175733783384308,
            0.0015611563620005718,
            0.0010517492127143653,
            0.0006956512395093113,
            0.0006869209831163577,
            0.0004963729381017441,
            0.0006391358088221573,
            0.0005071435924710076,
            0.0005363137495234935,
            0.015404509328568577,
            0.019957938924468056,
            0.015665227801985405,
            0.028826348922258455,
            0.042539839004223076,
            0.008746833038355457,
            0.004934463862084995,
            0.013665916854085133,
            0.008011942148127043,
            0.0013864847226408277,
            0.0011189868936537246,
            0.0016225594818737095,
            0.001499667546174822,
            0.0023557895101117394,
            0.0007252334007526546,
            0.0013184923124601588,
            0.0007507580438959627,
            0.0026658465496633755,
            0.04267593106830497,
            0.007973082262089072,
            0.012403610211155783,
            0.0017319089788580971,
            0.0010579232125341384,
            0.0008634633994196743,
            0.0009023360477493047,
            0.0008780811205755584,
            0.0005104278701464045,
            0.0010485946787679862,
            0.0005963911388495398,
            0.00033796732891758864,
            0.0009279935407721938,
            0.00692610937530977,
            0.009506583757757451,
            0.0026221211577047323,
            0.002387910678420769,
            0.011295377348783062,
            0.003963531901801589,
            0.004377468394392018,
            0.03511539231034091,
            0.007619039255246484,
            0.002802999684283478,
            0.0011812073103811618,
            0.0028159393541672927,
            0.014889440770711922,
            0.004554930583085557,
            0.0009412533866463642,
            0.0005847904681615586,
            0.0005963115984632876,
            0.014158592580697541,
            0.03477846555584031,
            0.0040196330932370065,
            0.005092512635817783,
            0.026895107725893493,
            0.04703897354521601,
            0.028903805972088283,
            0.005359628455772307,
            0.0024943765615387265,
            0.0010298958127534156,
            0.0007055141088391887,
            0.0005379860069593664,
            0.0009486632181417623
        ]
    },
    "train_oa": {
        "type": "index_value",
        "index": [
            10,
            20,
            30,
            40,
            50,
            60,
            70,
            80,
            90,
            100
        ],
        "value": [
            99.67049060288016,
            99.24334879179888,
            99.53624603368318,
            99.1701244813278,
            99.42640956797658,
            99.14571637783745,
            99.41420551623139,
            99.14571637783745,
            99.18232853307299,
            99.32877715401514
        ]
    },
    "train_aa": {
        "type": "index_value",
        "index": [
            10,
            20,
            30,
            40,
            50,
            60,
            70,
            80,
            90,
            100
        ],
        "value": [
            99.54101181166102,
            99.22224204424765,
            99.07195715390355,
            99.16053069740059,
            98.95538324188135,
            98.36557205349887,
            98.53403635368568,
            98.47002931385893,
            97.58190184312029,
            98.26932905962038
        ]
    },
    "train_kappa": {
        "type": "index_value",
        "index": [
            10,
            20,
            30,
            40,
            50,
            60,
            70,
            80,
            90,
            100
        ],
        "value": [
            99.62432077970274,
            99.13694137192121,
            99.47128359215401,
            99.05403855194584,
            99.34594539403699,
            99.02541739238306,
            99.33207850115448,
            99.02598433607294,
            99.0676116963223,
            99.23485911710004
        ]
    },
    "max_oa": {
        "type": "index_value",
        "index": [
            10,
            20,
            30,
            40,
            50,
            60,
            70,
            80,
            90,
            100
        ],
        "value": [
            99.67049060288016,
            99.67049060288016,
            99.67049060288016,
            99.67049060288016,
            99.67049060288016,
            99.67049060288016,
            99.67049060288016,
            99.67049060288016,
            99.67049060288016,
            99.67049060288016
        ]
    },
    "eval_time": 2.1035072803497314,
    "param": {
        "data": {
            "data_sign": "Indian",
            "data_file": "Indian_0.2_pc",
            "patch_size": 13,
            "serve_patch_size": 9,
            "batch_size": 64,
            "num_classes": 16,
            "pca": 200,
            "dim_heads": 64,
            "spectral_size": 200,
            "random_rotate": false,
            "use_saved_pca": false,
            "noise_type": "clean"
        },