{
    "epoch_loss": {
        "type": "index_value",
        "index": [
            1,
            2,
            3,
            4,
            5,
            6,
            7,
            8,
            9,
            10,
            11,
            12,
            13,
            14,
            15,
            16,
            17,
            18,
            19,
            20,
            21,
            22,
            23,
            24,
            25,
            26,
            27,
            28,
            29,
            30,
            31,
            32,
            33,
            34,
            35,
            36,
            37,
            38,
            39,
            40,
            41,
            42,
            43,
            44,
            45,
            46,
            47,
            48,
            49,
            50,
            51,
            52,
            53,
            54,
            55,
            56,
            57,
            58,
            59,
            60,
            61,
            62,
            63,
            64,
            65,
            66,
            67,
            68,
            69,
            70,
            71,
            72,
            73,
            74,
            75,
            76,
            77,
            78,
            79,
            80,
            81,
            82,
            83,
            84,
            85,
            86,
            87,
            88,
            89,
            90,
            91,
            92,
            93,
            94,
            95,
            96,
            97,
            98,
            99,
            100
        ],
        "value": [
            1.7634002016698647,
            1.1165601113126806,
            0.8112757420017771,
            0.6257837781650887,
            0.5353224161477564,
            0.4497289624237376,
            0.3847290981424986,
            0.3569481917686416,
            0.35490380070215305,
            0.3300072258406312,
            0.26351102140988164,
            0.2975943123337126,
            0.26099093920413013,
            0.20136757804819558,
            0.23393539854499834,
            0.24996023659578495,
            0.21203633249531117,
            0.16569807426482802,
            0.14459400127693975,
            0.17520328164100646,
            0.11902056363957352,
            0.1027848638213464,
            0.10009407493174802,
            0.08348387038910766,
            0.28516533834510766,
            0.15157417215570046,
            0.14336174265311583,
            0.1416496481773627,
            0.11236929673057983,
            0.2282752978250638,
            0.12235178655498365,
            0.07151238126476316,
            0.1039865104168871,
            0.08798851562242438,
            0.10446575176686847,
            0.1042504797886758,
            0.1956473927246973,
            0.10439383652958557,
            0.0963482414718962,
            0.08896212002801779,
            0.08880902767870258,
            0.0758016347014991,
            0.22549564133595376,
            0.131990055359193,
            0.10131814432332696,
            0.06800584935213817,
            0.09901766502944222,
            0.13181251140986625,
            0.10594017662633655,
            0.06748740641160023,
            0.27136084355432044,
            0.09979878052017695,
            0.1158512658881445,
            0.06483427384764029,
            0.08098733912237949,
            0.049820567776251885,
            0.05761582874613667,
            0.05385549509231627,
            0.03897214127283027,
            0.030093434590782852,
            0.03539401536440327,
            0.07453586028077597,
            0.05865061730327687,
            0.037051782164260416,
            0.0749367955537318,
            0.1657180414582691,
            0.061306216072862164,
            0.09454737153366534,
            0.11788631164244491,
            0.11137962996814663,
            0.10872998237609863,
            0.11364183704348377,
            0.07270945654298268,
            0.06526670856197385,
            0.04740712449788467,
            0.05627792734299263,
            0.04699613223545743,
            0.043232809888185376,
            0.07177698041409834,
            0.03637686071604708,
            0.07860141490787775,
            0.06622234108855544,
            0.03855873260039773,
            0.047328591419252455,
            0.053393196584679496,
            0.032054191472466555,
            0.04750347753075788,
            0.10511297566177201,
            0.05251615664325745,
            0.03407145663189482,
            0.02098482633304132,
            0.01900412349660321,
            0.05286906442283188,
            0.030696198136665815,
            0.018380561396320987,
            0.020804811220099455,
            0.02645098778018116,
            0.04077604955601576,
            0.030340318610198307,
            0.05691785781560443
        ]
    },
    "train_oa": {
        "type": "index_value",
        "index": [
            10,
            20,
            30,
            40,
            50,
            60,
            70,
            80,
            90,
            100
        ],
        "value": [
            75.76275323407371,
            89.84622894801075,
            65.9384915792043,
            52.269953624603374,
            48.633146204539905,
            83.56114229924336,
            55.38198681962412,
            77.1906272882597,
            79.91213082743471,
            87.27117402977788
        ]
    },
    "train_aa": {
        "type": "index_value",
        "index": [
            10,
            20,
            30,
            40,
            50,
            60,
            70,
            80,
            90,
            100
        ],
        "value": [
            57.654175158066224,
            76.72751357035118,
            71.69969811599157,
            68.37795537193169,
            53.20870788048302,
            91.35767550311175,
            64.25669575017324,
            79.90566410439621,
            88.08323005387368,
            89.98515713433858
        ]
    },
    "train_kappa": {
        "type": "index_value",
        "index": [
            10,
            20,
            30,
            40,
            50,
            60,
            70,
            80,
            90,
            100
        ],
        "value": [
            72.18862126175868,
            88.37076907346693,
            62.09445736464432,
            48.38024873752281,
            44.30842503237885,
            81.61218705862794,
            51.416085297143646,
            74.32214756953522,
            77.55835623159626,
            85.27785464514882
        ]
    },
    "max_oa": {
        "type": "index_value",
        "index": [
            10,
            20,
            30,
            40,
            50,
            60,
            70,
            80,
            90,
            100
        ],
        "value": [
            75.76275323407371,
            89.84622894801075,
            89.84622894801075,
            89.84622894801075,
            89.84622894801075,
            89.84622894801075,
            89.84622894801075,
            89.84622894801075,
            89.84622894801075,
            89.84622894801075
        ]
    },
    "eval_time": 1.521695852279663,
    "param": {
        "data": {
            "data_sign": "Indian",
            "data_file": "Indian_0.2_pc",
            "patch_size": 13,
            "serve_patch_size": 9,
            "batch_size": 64,
            "num_classes": 16,
            "pca": -1,
            "dim_heads": 64,
            "spectral_size": 200,
            "random_rotate": true,
            "use_saved_pca": false,
            "noise_type": "clean"
        },
        "net": {
            "trainer": "transformer",
            "use_mask": true,
            "mlp_dim": 8,
            "depth": 2,
            "dim": 64,
            "heads": 20,