{
    "epoch_loss": {
        "type": "index_value",
        "index": [
            1,
            2,
            3,
            4,
            5,
            6,
            7,
            8,
            9,
            10,
            11,
            12,
            13,
            14,
            15,
            16,
            17,
            18,
            19,
            20,
            21,
            22,
            23,
            24,
            25,
            26,
            27,
            28,
            29,
            30,
            31,
            32,
            33,
            34,
            35,
            36,
            37,
            38,
            39,
            40,
            41,
            42,
            43,
            44,
            45,
            46,
            47,
            48,
            49,
            50,
            51,
            52,
            53,
            54,
            55,
            56,
            57,
            58,
            59,
            60,
            61,
            62,
            63,
            64,
            65,
            66,
            67,
            68,
            69,
            70,
            71,
            72,
            73,
            74,
            75,
            76,
            77,
            78,
            79,
            80,
            81,
            82,
            83,
            84,
            85,
            86,
            87,
            88,
            89,
            90,
            91,
            92,
            93,
            94,
            95,
            96,
            97,
            98,
            99,
            100
        ],
        "value": [
            1.2443571083157021,
            0.3357804164181661,
            0.14864400454101193,
            0.13832462163157128,
            0.07332161680552791,
            0.0519010339412666,
            0.04716270055866589,
            0.03082509440734729,
            0.020316226102429873,
            0.02383734455871466,
            0.015126394096154657,
            0.010934871130616126,
            0.026700263174019592,
            0.01014996213054425,
            0.01484855187381561,
            0.012971682261013927,
            0.006235306501533573,
            0.007135213009102175,
            0.006612205585134001,
            0.028207821230383685,
            0.01793224501022457,
            0.01609151218349336,
            0.030558518092363277,
            0.027488904161754896,
            0.04515184565762244,
            0.042437632963822705,
            0.028696537626920825,
            0.03849077764762579,
            0.010316909229668388,
            0.053997650706274956,
            0.03360537806856661,
            0.009918504731543815,
            0.004934630578343016,
            0.005359107288565949,
            0.009189200318710756,
            0.004836359767100508,
            0.0026097221549264997,
            0.0022541289797863968,
            0.002502826093684728,
            0.02552008345505617,
            0.009948616725032347,
            0.04250651478332325,
            0.009633913784856634,
            0.00673054832593513,
            0.00423790590243908,
            0.007580590817325017,
            0.01861451116737223,
            0.00894953531151923,
            0.010376212319898489,
            0.01739973607869624,
            0.04837195930635407,
            0.009872815123512218,
            0.012936857689869954,
            0.004748214824791372,
            0.012409473555003929,
            0.08811670103883076,
            0.015359066905331438,
            0.05545771788905427,
            0.013955425280724128,
            0.01604442662421224,
            0.016627631693570864,
            0.03738131786712475,
            0.018132977331750583,
            0.007339505236731828,
            0.004010435617064327,
            0.0026519742234634948,
            0.002906069881565996,
            0.005977412309597299,
            0.04652883776003572,
            0.01545035340562644,
            0.025426982230803682,
            0.02380832382217231,
            0.040676045144960246,
            0.020900284943064344,
            0.025904767592312937,
            0.007565095866667764,
            0.006377378914623075,
            0.009859846202416431,
            0.006793071001478065,
            0.0055229234561854365,
            0.004466266086701204,
            0.006146004578492938,
            0.019365615778378326,
            0.019315665159510435,
            0.013488385913363338,
            0.01540926895546217,
            0.022826323042784584,
            0.00493336733965398,
            0.004112341893222772,
            0.0022127289637705705,
            0.0020394588993984633,
            0.0016250094045361463,
            0.006571992607266074,
            0.00496336520579247,
            0.0023158539744850856,
            0.00560781999260024,
            0.000980337300630164,
            0.0019615535094083224,
            0.0049468268358223415,
            0.005690672109470025
        ]
    },
    "train_oa": {
        "type": "index_value",
        "index": [
            10,
            20,
            30,
            40,
            50,
            60,
            70,
            80,
            90,
            100
        ],
        "value": [
            99.51183793019283,
            99.56065413717354,
            98.96265560165975,
            99.15792042958262,
            98.6453502562851,
            99.02367586038565,
            99.38979741274103,
            99.23114474005371,
            99.38979741274103,
            99.4752257749573
        ]
    },
    "train_aa": {
        "type": "index_value",
        "index": [
            10,
            20,
            30,
            40,
            50,
            60,
            70,
            80,
            90,
            100
        ],
        "value": [
            98.44603651066994,
            99.02754988248046,
            99.07347759216589,
            99.01749855176621,
            97.7094161884861,
            98.23621267421882,
            98.1120608566037,
            98.06613201360857,
            97.81991908772551,
            97.57982602512485
        ]
    },
    "train_kappa": {
        "type": "index_value",
        "index": [
            10,
            20,
            30,
            40,
            50,
            60,
            70,
            80,
            90,
            100
        ],
        "value": [
            99.44317044369917,
            99.4989320133275,
            98.81739228827503,
            99.0397706316307,
            98.45646372171973,
            98.88739255815797,
            99.30412579856532,
            99.12337592867756,
            99.30428834828172,
            99.4016229895027
        ]
    },
    "max_oa": {
        "type": "index_value",
        "index": [
            10,
            20,
            30,
            40,
            50,
            60,
            70,
            80,
            90,
            100
        ],
        "value": [
            99.51183793019283,
            99.56065413717354,
            99.56065413717354,
            99.56065413717354,
            99.56065413717354,
            99.56065413717354,
            99.56065413717354,
            99.56065413717354,
            99.56065413717354,
            99.56065413717354
        ]
    },
    "eval_time": 1.523463487625122,
    "param": {
        "data": {
            "data_sign": "Indian",
            "data_file": "Indian_0.2_pc",
            "patch_size": 13,
            "serve_patch_size": 9,
            "batch_size": 64,
            "num_classes": 16,
            "pca": 200,
            "dim_heads": 64,
            "spectral_size": 200,
            "random_rotate": true,
            "use_saved_pca": false,
            "noise_type": "clean"
        },
        "net": {
            "trainer": "transformer",
            "use_mask": true,
            "mlp_dim": 8,