{
    "epoch_loss": {
        "type": "index_value",
        "index": [
            1,
            2,
            3,
            4,
            5,
            6,
            7,
            8,
            9,
            10,
            11,
            12,
            13,
            14,
            15,
            16,
            17,
            18,
            19,
            20,
            21,
            22,
            23,
            24,
            25,
            26,
            27,
            28,
            29,
            30,
            31,
            32,
            33,
            34,
            35,
            36,
            37,
            38,
            39,
            40,
            41,
            42,
            43,
            44,
            45,
            46,
            47,
            48,
            49,
            50,
            51,
            52,
            53,
            54,
            55,
            56,
            57,
            58,
            59,
            60,
            61,
            62,
            63,
            64,
            65,
            66,
            67,
            68,
            69,
            70,
            71,
            72,
            73,
            74,
            75,
            76,
            77,
            78,
            79,
            80,
            81,
            82,
            83,
            84,
            85,
            86,
            87,
            88,
            89,
            90,
            91,
            92,
            93,
            94,
            95,
            96,
            97,
            98,
            99,
            100
        ],
        "value": [
            1.8837920209207093,
            1.216460662050549,
            0.9297710297461553,
            0.7262451851164917,
            0.5819049087174037,
            0.4451902573851193,
            0.3484830256868743,
            0.2800392654400382,
            0.27027220456269535,
            0.2842204452286091,
            0.20984070710022085,
            0.172865304771421,
            0.15495066938609103,
            0.22030895150780969,
            0.15322948644921147,
            0.1283098551768746,
            0.1580588585268842,
            0.10238120431157505,
            0.1127353125970149,
            0.08302765864235351,
            0.10200270953839713,
            0.10755928833119191,
            0.07435858354081203,
            0.04802438550495028,
            0.03951573291761742,
            0.046012464869051375,
            0.1765125426389005,
            0.07462962335768697,
            0.09305309341481713,
            0.10458691894573016,
            0.0845136984129076,
            0.04497135254008346,
            0.0776785634729984,
            0.08198963395181653,
            0.034663756340379555,
            0.09852106240544006,
            0.09969493896131677,
            0.07059008915638981,
            0.08007704525723727,
            0.032572236649891464,
            0.059807522721824276,
            0.04696392383598643,
            0.06125278834190102,
            0.04830052948346103,
            0.15723309074585165,
            0.06471971531564012,
            0.0546436922955542,
            0.032109821567860256,
            0.0909986206867399,
            0.059849505869721556,
            0.0398268503646781,
            0.03245443963692716,
            0.020817692537957445,
            0.06313928710863248,
            0.08943257401459409,
            0.0830562772977091,
            0.0625833372130011,
            0.059591182181724954,
            0.028894582499552818,
            0.029035805901761764,
            0.012650162228122534,
            0.038623806203368805,
            0.043889137167130075,
            0.058201588947697565,
            0.03270697954797397,
            0.03366676144066228,
            0.05237047445310003,
            0.023142175068240387,
            0.03422651559368247,
            0.016567746000568363,
            0.013324698290069319,
            0.00747117168131826,
            0.028364152717913916,
            0.014080209076549595,
            0.021952335688981188,
            0.01890752469971232,
            0.14930565264393234,
            0.06333032391802237,
            0.043989795033078996,
            0.02089397869460339,
            0.012282695962057206,
            0.009483022128125322,
            0.011474117100093776,
            0.011189329674934238,
            0.02149615354582196,
            0.010487598013993887,
            0.007562126251902893,
            0.0226056313262278,
            0.013567330476141323,
            0.0535835751506824,
            0.03746454772287912,
            0.02467033488635164,
            0.009716536249702574,
            0.015799668648817242,
            0.048483840760450876,
            0.01806771230958674,
            0.02986192471209524,
            0.015057705679949183,
            0.11361465781492039,
            0.037286401378702365
        ]
    },
    "train_oa": {
        "type": "index_value",
        "index": [
            10,
            20,
            30,
            40,
            50,
            60,
            70,
            80,
            90,
            100
        ],
        "value": [
            68.51354649743715,
            72.78496460824994,
            59.97071027581157,
            56.577983890651694,
            76.1288747864291,
            95.58213326824506,
            83.1217964364169,
            85.6602391994142,
            83.14620453990726,
            77.89846228948011
        ]
    },
    "train_aa": {
        "type": "index_value",
        "index": [
            10,
            20,
            30,
            40,
            50,
            60,
            70,
            80,
            90,
            100
        ],
        "value": [
            55.9643923799694,
            62.1747435854103,
            50.75725346043656,
            74.77933853700434,
            57.30443094701842,
            93.24540126239431,
            89.13982127856437,
            88.09693706076442,
            82.72333141859414,
            81.74720614794984
        ]
    },
    "train_kappa": {
        "type": "index_value",
        "index": [
            10,
            20,
            30,
            40,
            50,
            60,
            70,
            80,
            90,
            100
        ],
        "value": [
            63.58517994619386,
            68.61500224129236,
            51.3782358433583,
            52.555925314031526,
            72.44990486751584,
            94.94431693716923,
            80.51379716906308,
            83.64102791696531,
            80.62735590159663,
            74.07018979952718
        ]
    },
    "max_oa": {
        "type": "index_value",
        "index": [
            10,
            20,
            30,
            40,
            50,
            60,
            70,
            80,
            90,
            100
        ],
        "value": [
            68.51354649743715,
            72.78496460824994,
            72.78496460824994,
            72.78496460824994,
            76.1288747864291,
            95.58213326824506,
            95.58213326824506,
            95.58213326824506,
            95.58213326824506,
            95.58213326824506
        ]
    },
    "eval_time": 1.5132153034210205,
    "param": {
        "data": {
            "data_sign": "Indian",
            "data_file": "Indian_0.2_pc",
            "patch_size": 17,
            "serve_patch_size": 9,
            "batch_size": 64,
            "num_classes": 16,
            "pca": -1,
            "dim_heads": 64,
            "spectral_size": 200,
            "random_rotate": false,
            "noise_type": "clean"
        },
        "net": {
            "trainer": "CNN",
            "use_mask": true,
            "mlp_dim": 8,
            "depth": 2,
            "dim": 64,
            "heads": 20,
            "kernal": 3,