{
    "epoch_loss": {
        "type": "index_value",
        "index": [
            1,
            2,
            3,
            4,
            5,
            6,
            7,
            8,
            9,
            10,
            11,
            12,
            13,
            14,
            15,
            16,
            17,
            18,
            19,
            20,
            21,
            22,
            23,
            24,
            25,
            26,
            27,
            28,
            29,
            30,
            31,
            32,
            33,
            34,
            35,
            36,
            37,
            38,
            39,
            40,
            41,
            42,
            43,
            44,
            45,
            46,
            47,
            48,
            49,
            50,
            51,
            52,
            53,
            54,
            55,
            56,
            57,
            58,
            59,
            60,
            61,
            62,
            63,
            64,
            65,
            66,
            67,
            68,
            69,
            70,
            71,
            72,
            73,
            74,
            75,
            76,
            77,
            78,
            79,
            80,
            81,
            82,
            83,
            84,
            85,
            86,
            87,
            88,
            89,
            90,
            91,
            92,
            93,
            94,
            95,
            96,
            97,
            98,
            99,
            100
        ],
        "value": [
            1.7445227770909775,
            1.159037733542078,
            0.8243981197512643,
            0.5958561594178787,
            0.4098257983397973,
            0.2787481052995888,
            0.18314840936457732,
            0.15670239005301265,
            0.10669881910303214,
            0.12386079930185982,
            0.09847062422991379,
            0.0987555662573399,
            0.08749716144843693,
            0.12148321295234119,
            0.05489410980448235,
            0.04522651795053134,
            0.07453822639686965,
            0.06429227853823825,
            0.05152232052345926,
            0.09506279678240309,
            0.04253963637652913,
            0.0168288304400517,
            0.025828039906964324,
            0.016123209053473753,
            0.02301458586959073,
            0.023264139662258817,
            0.06943159797330842,
            0.0424521790255414,
            0.013697696624464217,
            0.013524989926974559,
            0.02467501370311055,
            0.011434241490656116,
            0.015299226695313651,
            0.06853606987409203,
            0.014391213151515255,
            0.04440877382935834,
            0.03446326846814286,
            0.019800249705716533,
            0.01134465583010946,
            0.007215516379783854,
            0.00486612355295759,
            0.020688468864110555,
            0.028691728169270146,
            0.039913444416801426,
            0.03465826705714502,
            0.03544166168195723,
            0.030254951094043806,
            0.03308656516228859,
            0.04465430905167784,
            0.03518079835094439,
            0.013188267416046557,
            0.007353343147503489,
            0.008371538026688888,
            0.012442556916851632,
            0.0252531476917058,
            0.05408223290222985,
            0.1049394512716726,
            0.016599947576685252,
            0.011707934254096082,
            0.011514805511210608,
            0.004810648079771195,
            0.009084196933465863,
            0.0052968161431574,
            0.007425077600345704,
            0.005161045795451587,
            0.006261024714692285,
            0.0011664263504040948,
            0.0016943572448802219,
            0.00461292359864661,
            0.0006596800044672949,
            0.001229561424187193,
            0.0001730943289379348,
            0.0002939469702533331,
            0.00024747363509216013,
            0.0003757579662197512,
            0.00020994576444158104,
            0.00016070903901185232,
            0.00021999294792699636,
            0.00016571805501411105,
            0.00011482458611793925,
            0.0002747050186933852,
            0.00018174640498044186,
            0.00017687908217879953,
            0.0003532326354253176,
            0.056571817954935204,
            0.027441104229736776,
            0.006366157981353515,
            0.011125994736777388,
            0.026250111570230848,
            0.012393580872447676,
            0.035032679693469744,
            0.04188918723994436,
            0.053699286354574265,
            0.03997651203886726,
            0.022595603704603204,
            0.005933959933378509,
            0.001325781133995729,
            0.003287820508046452,
            0.016616012965082,
            0.0019689814935363557
        ]
    },
    "train_oa": {
        "type": "index_value",
        "index": [
            10,
            20,
            30,
            40,
            50,
            60,
            70,
            80,
            90,
            100
        ],
        "value": [
            96.25335611422993,
            95.00854283622162,
            90.90798144984134,
            98.90163534293386,
            93.94679033439101,
            98.80400292897242,
            99.21894068830852,
            99.31657310226996,
            98.7551867219917,
            99.08469611911156
        ]
    },
    "train_aa": {
        "type": "index_value",
        "index": [
            10,
            20,
            30,
            40,
            50,
            60,
            70,
            80,
            90,
            100
        ],
        "value": [
            89.50160296060817,
            89.71825217533687,
            91.34417578697573,
            97.88617261398261,
            86.38811800320299,
            97.32015169798878,
            98.28219364676802,
            97.97084019604834,
            97.32984009857508,
            97.83780179574971
        ]
    },
    "train_kappa": {
        "type": "index_value",
        "index": [
            10,
            20,
            30,
            40,
            50,
            60,
            70,
            80,
            90,
            100
        ],
        "value": [
            95.72553108180924,
            94.33104893624854,
            89.68724104197395,
            98.74801358398301,
            93.09558974012937,
            98.63723796327447,
            99.10976908311491,
            99.22096673542018,
            98.58048011202513,
            98.95694187135746
        ]
    },
    "max_oa": {
        "type": "index_value",
        "index": [
            10,
            20,
            30,
            40,
            50,
            60,
            70,
            80,
            90,
            100
        ],
        "value": [
            96.25335611422993,
            96.25335611422993,
            96.25335611422993,
            98.90163534293386,
            98.90163534293386,
            98.90163534293386,
            99.21894068830852,
            99.31657310226996,
            99.31657310226996,
            99.31657310226996
        ]
    },
    "eval_time": 1.4896376132965088,
    "param": {
        "data": {
            "data_sign": "Indian",
            "data_file": "Indian_0.2_pc",
            "diffusion_sign": false,
            "patch_size": 13,
            "test_ratio": 0.95,
            "batch_size": 64,
            "num_classes": 16,
            "pca": -1,
            "dim_heads": 64,
            "spectral_size": 200,
            "append_dim": true,
            "noise_type": "clean"
        },
        "net": {
            "trainer": "ssftt",
            "conv2d_out": 64,
            "dim": 64
        },