{
    "epoch_loss": {
        "type": "index_value",
        "index": [
            1,
            2,
            3,
            4,
            5,
            6,
            7,
            8,
            9,
            10,
            11,
            12,
            13,
            14,
            15,
            16,
            17,
            18,
            19,
            20,
            21,
            22,
            23,
            24,
            25,
            26,
            27,
            28,
            29,
            30,
            31,
            32,
            33,
            34,
            35,
            36,
            37,
            38,
            39,
            40,
            41,
            42,
            43,
            44,
            45,
            46,
            47,
            48,
            49,
            50,
            51,
            52,
            53,
            54,
            55,
            56,
            57,
            58,
            59,
            60,
            61,
            62,
            63,
            64,
            65,
            66,
            67,
            68,
            69,
            70,
            71,
            72,
            73,
            74,
            75,
            76,
            77,
            78,
            79,
            80,
            81,
            82,
            83,
            84,
            85,
            86,
            87,
            88,
            89,
            90,
            91,
            92,
            93,
            94,
            95,
            96,
            97,
            98,
            99,
            100
        ],
        "value": [
            1.1249400712567814,
            0.27280011181413694,
            0.13716066618180334,
            0.06772734660954371,
            0.045259658521870624,
            0.027308595158757956,
            0.01811942010891336,
            0.012684016303134371,
            0.009063945000950438,
            0.008299370095532596,
            0.01179808677421144,
            0.006084193574794888,
            0.004583008314534985,
            0.004203194416968782,
            0.0038958981270627675,
            0.0029907497563773262,
            0.00248601490239683,
            0.002240194867924762,
            0.002719184568654882,
            0.002027473592827065,
            0.0017859268158565472,
            0.001673318036897629,
            0.001724004605898312,
            0.01814792400221465,
            0.024648637087095682,
            0.08059246070193549,
            0.06574648520082163,
            0.030798996042306116,
            0.008918923335353823,
            0.014887267861451836,
            0.005345780730537544,
            0.003198047169289323,
            0.0016262099210290722,
            0.0012563465829313236,
            0.0033132620744969143,
            0.004788627064449219,
            0.0031798103593126703,
            0.03717007411512435,
            0.039173667383019944,
            0.02663764857172676,
            0.008057001408375347,
            0.00787945904037088,
            0.037389131746914266,
            0.009520327472275264,
            0.004083226535496485,
            0.002313316907674763,
            0.0021751160613304216,
            0.0010974744484372383,
            0.0018282043301203535,
            0.01836534711462049,
            0.007213770032581622,
            0.009040126184096737,
            0.003594563378660131,
            0.0026968946373951224,
            0.0018787874561482973,
            0.0009951503041547036,
            0.0008510417882760945,
            0.0011461987787825928,
            0.006079235158570636,
            0.009722572637590469,
            0.011316599861498912,
            0.003128206317478433,
            0.0010142079117161805,
            0.0007642207633808182,
            0.0028667874765693417,
            0.0030005292500167578,
            0.002045281438514989,
            0.0029079349461924218,
            0.002336035039810659,
            0.015966981883702342,
            0.012190872452554912,
            0.003176855618573743,
            0.023878222045889737,
            0.016835347648229623,
            0.024707855151880107,
            0.006412303578697707,
            0.0015930962950498808,
            0.001876891338619927,
            0.0008954474688315007,
            0.0011426904961611812,
            0.0261363756364787,
            0.0023825104747176025,
            0.0010546427930494511,
            0.0006589143650284504,
            0.0007604426117455292,
            0.000563136663586989,
            0.0003916928718413777,
            0.0005719731532381689,
            0.005481203103442552,
            0.00124779910832324,
            0.0014802156532876683,
            0.01973240882466454,
            0.01934616419593203,
            0.021521922999906858,
            0.007710399266577115,
            0.0021643709472931216,
            0.005230628919771843,
            0.0019480021650633275,
            0.0028818981182691245,
            0.006762837154089435
        ]
    },
    "train_oa": {
        "type": "index_value",
        "index": [
            10,
            20,
            30,
            40,
            50,
            60,
            70,
            80,
            90,
            100
        ],
        "value": [
            99.60947034415426,
            99.64608249938979,
            99.18232853307299,
            98.88943129118869,
            98.91383939467903,
            99.01147180864047,
            98.91383939467903,
            99.2921649987796,
            99.4752257749573,
            99.2921649987796
        ]
    },
    "train_aa": {
        "type": "index_value",
        "index": [
            10,
            20,
            30,
            40,
            50,
            60,
            70,
            80,
            90,
            100
        ],
        "value": [
            98.77714364137896,
            99.27742210493709,
            97.69832781145162,
            96.39979486548107,
            96.50222574171892,
            97.19428699142611,
            98.14278248566912,
            97.10922667359425,
            96.61441788137373,
            97.50538648240202
        ]
    },
    "train_kappa": {
        "type": "index_value",
        "index": [
            10,
            20,
            30,
            40,
            50,
            60,
            70,
            80,
            90,
            100
        ],
        "value": [
            99.5547663549815,
            99.59649070911138,
            99.06762202074218,
            98.73302771313061,
            98.76200323360887,
            98.87296852063878,
            98.76100176140315,
            99.19316744642892,
            99.40158890372707,
            99.19279598972204
        ]
    },
    "max_oa": {
        "type": "index_value",
        "index": [
            10,
            20,
            30,
            40,
            50,
            60,
            70,
            80,
            90,
            100
        ],
        "value": [
            99.60947034415426,
            99.64608249938979,
            99.64608249938979,
            99.64608249938979,
            99.64608249938979,
            99.64608249938979,
            99.64608249938979,
            99.64608249938979,
            99.64608249938979,
            99.64608249938979
        ]
    },
    "eval_time": 1.4002156257629395,
    "param": {
        "data": {
            "data_sign": "Indian",
            "data_file": "Indian_0.2_pc",
            "patch_size": 13,
            "serve_patch_size": 9,
            "batch_size": 64,
            "num_classes": 16,
            "pca": 200,
            "dim_heads": 64,
            "spectral_size": 200,
            "random_rotate": false,
            "use_saved_pca": false,
            "noise_type": "clean"
        },
        "net": {
            "trainer": "transformer",