{
    "epoch_loss": {
        "type": "index_value",
        "index": [
            1,
            2,
            3,
            4,
            5,
            6,
            7,
            8,
            9,
            10,
            11,
            12,
            13,
            14,
            15,
            16,
            17,
            18,
            19,
            20,
            21,
            22,
            23,
            24,
            25,
            26,
            27,
            28,
            29,
            30,
            31,
            32,
            33,
            34,
            35,
            36,
            37,
            38,
            39,
            40,
            41,
            42,
            43,
            44,
            45,
            46,
            47,
            48,
            49,
            50
        ],
        "value": [
            1.6933246540514504,
            0.61352218532886,
            0.29586677066801126,
            0.1856173480112037,
            0.11941241096455882,
            0.1198016327347834,
            0.08020278221767696,
            0.06138169628890479,
            0.04472498978722107,
            0.04017385888833889,
            0.029942103288525753,
            0.02218008931513034,
            0.01864575621401882,
            0.0169219551129207,
            0.01824914338473668,
            0.014807433226876589,
            0.01118580179485907,
            0.009098328783689021,
            0.007363673304067608,
            0.006582069391372074,
            0.005513421339312592,
            0.005039777285143892,
            0.005416567346115464,
            0.0066461925449935585,
            0.008281787812247308,
            0.01802227729940507,
            0.014641562198531731,
            0.009783469133303075,
            0.006323045789906403,
            0.0066647912912200825,
            0.004968477808712294,
            0.0030764765300355297,
            0.004195267464658453,
            0.010616836782136551,
            0.008006543211935216,
            0.004820119922892141,
            0.0029012946236723265,
            0.011820272572345808,
            0.01228353800297246,
            0.004321203527793245,
            0.0035687893878390323,
            0.0028210545914422874,
            0.012216750564908195,
            0.04049025931251962,
            0.06962218066220371,
            0.06962523270745254,
            0.026070551197003904,
            0.05887088454558824,
            0.019619185665385685,
            0.007351044749716436
        ]
    },
    "train_oa": {
        "type": "index_value",
        "index": [
            10,
            20,
            30,
            40,
            50
        ],
        "value": [
            98.12323714471685,
            98.76328921674984,
            98.2642655673682,
            98.21002386634845,
            98.23172054675635
        ]
    },
    "train_aa": {
        "type": "index_value",
        "index": [
            10,
            20,
            30,
            40,
            50
        ],
        "value": [
            88.34947745911663,
            98.5274106708764,
            96.61106310242462,
            96.54199380070457,
            96.73600796124896
        ]
    },
    "train_kappa": {
        "type": "index_value",
        "index": [
            10,
            20,
            30,
            40,
            50
        ],
        "value": [
            97.86043300500586,
            98.59019060825503,
            98.02140265256915,
            97.95996062767067,
            97.98419056222195
        ]
    },
    "max_oa": {
        "type": "index_value",
        "index": [
            10,
            20,
            30,
            40,
            50
        ],
        "value": [
            98.12323714471685,
            98.76328921674984,
            98.76328921674984,
            98.76328921674984,
            98.76328921674984
        ]
    },
    "eval_time": 2.882279634475708,
    "param": {
        "data": {
            "data_sign": "Indian",
            "data_file": "Indian_0.1_pc",
            "patch_size": 17,
            "serve_patch_size": 9,
            "batch_size": 64,
            "num_classes": 16,
            "pca": 200,
            "dim_heads": 64,
            "spectral_size": 200,
            "random_rotate": false,
            "noise_type": "clean"
        },
        "net": {
            "trainer": "transformer",
            "use_mask": true,
            "mlp_dim": 8,
            "depth": 2,
            "dim": 64,
            "heads": 20,
            "kernal": 3,
            "padding": 1,
            "task_num": 3,
            "expert_num": 1,
            "task_label_list": [
                [
                    1,
                    2,
                    3
                ],
                [
                    9,
                    10,
                    11
                ]
            ],
            "task_weight": [
                1,
                0,
                0
            ]
        },
        "train": {
            "epochs": 50,
            "lr": 0.001,
            "weight_decay": 0
        },
        "uniq_name": "Indian_0.1_pc",
        "train_sign": "train",
        "path_model_save": "./save_models/Indian_0.1_pc",
        "path_res": "./res/Indian_0.1_pc_12241625",
        "path_pic": "./res/Indian_0.1_pc_12241625.png"
    },
    "eval": {
        "classification": "                              precision    recall  f1-score   support\n\n                     Alfalfa     1.0000    0.8780    0.9351        41\n                 Corn-notill     0.9600    0.9907    0.9751      1285\n                Corn-mintill     0.9875    0.9545    0.9707       747\n                        Corn     0.9619    0.9484    0.9551       213\n               Grass-pasture     0.9976    0.9654    0.9813       434\n                 Grass-trees     0.9924    0.9909    0.9916       657\n         Grass-pasture-mowed     0.9615    1.0000    0.9804        25\n               Hay-windrowed     0.9908    1.0000    0.9954       430\n                        Oats     1.0000    0.8889    0.9412        18\n              Soybean-notill     0.9791    0.9645    0.9718       874\n             Soybean-mintill     0.9963    0.9864    0.9914      2209\n               Soybean-clean     0.9511    0.9850    0.9677       533\n                       Wheat     0.9388    1.0000    0.9684       184\n                       Woods     0.9930    0.9974    0.9952      1138\nBuildings-Grass-Trees-Drives     0.9830    1.0000    0.9914       347\n          Stone-Steel-Towers     0.9625    0.9277    0.9448        83\n\n                    accuracy                         0.9823      9218\n                   macro avg     0.9785    0.9674    0.9723      9218\n                weighted avg     0.9826    0.9823    0.9823      9218\n",
        "oa": 98.23172054675635,