{
    "epoch_loss": {
        "type": "index_value",
        "index": [
            1,
            2,
            3,
            4,
            5,
            6,
            7,
            8,
            9,
            10,
            11,
            12,
            13,
            14,
            15,
            16,
            17,
            18,
            19,
            20,
            21,
            22,
            23,
            24,
            25,
            26,
            27,
            28,
            29,
            30,
            31,
            32,
            33,
            34,
            35,
            36,
            37,
            38,
            39,
            40,
            41,
            42,
            43,
            44,
            45,
            46,
            47,
            48,
            49,
            50,
            51,
            52,
            53,
            54,
            55,
            56,
            57,
            58,
            59,
            60,
            61,
            62,
            63,
            64,
            65,
            66,
            67,
            68,
            69,
            70,
            71,
            72,
            73,
            74,
            75,
            76,
            77,
            78,
            79,
            80,
            81,
            82,
            83,
            84,
            85,
            86,
            87,
            88,
            89,
            90,
            91,
            92,
            93,
            94,
            95,
            96,
            97,
            98,
            99,
            100
        ],
        "value": [
            1.68003860511919,
            0.9876952129268878,
            0.5682851931764552,
            0.35290611303635755,
            0.16123589970479626,
            0.09976746487066404,
            0.08294430995799619,
            0.06251489338431045,
            0.03973663837225188,
            0.057341477310244186,
            0.02053641271222283,
            0.013390971622611067,
            0.009273631143363287,
            0.006698728951913307,
            0.011040837458876435,
            0.006837201123907618,
            0.004893522490146785,
            0.003132399867703445,
            0.005434789935040793,
            0.01608742366832683,
            0.019666996387959688,
            0.018015007576803223,
            0.0139214743638282,
            0.010336019257831312,
            0.004953813788519578,
            0.0017099259806447945,
            0.005524893348397565,
            0.0029913379214794675,
            0.001550765710241567,
            0.0006814778093565845,
            0.0006364633435714274,
            0.0017411534663135698,
            0.020629470498937548,
            0.009683275496510114,
            0.008558096268062464,
            0.005151816982795187,
            0.007008369012742582,
            0.01096616018554445,
            0.026140360067850046,
            0.02343219119008549,
            0.005702932971164838,
            0.011404980557750901,
            0.022691383676879888,
            0.013196322957502447,
            0.005652112104939048,
            0.0033991152844380433,
            0.0015129729576291032,
            0.0008221642142546945,
            0.0006308923490173263,
            0.0003437978286894351,
            0.014968124699231193,
            0.0056168979135797405,
            0.0010320170866348157,
            0.0005233692700794497,
            0.00030074672706350414,
            0.00025360086450405383,
            0.0002447652304205146,
            0.0015264123029000785,
            0.000295513705410649,
            0.00017451512405802915,
            0.00022876810989458195,
            0.00014108152692704723,
            0.00012903258005052878,
            0.0001326517270293898,
            0.00013574960194312835,
            0.00011144231783875905,
            0.00017609772591912833,
            0.00013437379316433613,
            0.00012185245262597146,
            0.0001405353395028551,
            8.974640625045078e-05,
            8.41504054363826e-05,
            6.16227712897457e-05,
            0.00015952093379431544,
            6.619415545061122e-05,
            0.00011773418381338862,
            5.9174107321948176e-05,
            6.708757251664235e-05,
            0.00015813757881715922,
            9.128704467117606e-05,
            0.00012023612950903584,
            0.00011117586642537728,
            6.341106626414751e-05,
            5.8598409815710674e-05,
            0.00015588930457912005,
            0.007371289289056226,
            0.02392267078578182,
            0.031423453143695844,
            0.036175956960695,
            0.034952655272476756,
            0.018057164462813496,
            0.010584953199398483,
            0.0034029603075834305,
            0.00062522118808611,
            0.0004168138364012695,
            0.0001626808299833723,
            0.0001229723593120411,
            0.00034339756811368495,
            0.00023096790392781153,
            0.00028245387856062237
        ]
    },
    "train_oa": {
        "type": "index_value",
        "index": [
            10,
            20,
            30,
            40,
            50,
            60,
            70,
            80,
            90,
            100
        ],
        "value": [
            97.8032706858677,
            55.51623138882109,
            99.2921649987796,
            95.20380766414449,
            98.98706370515012,
            99.02367586038565,
            98.99926775689529,
            99.04808396387601,
            98.38906516963631,
            98.98706370515012
        ]
    },
    "train_aa": {
        "type": "index_value",
        "index": [
            10,
            20,
            30,
            40,
            50,
            60,
            70,
            80,
            90,
            100
        ],
        "value": [
            92.73057367852772,
            48.95368654959643,
            96.23193490223677,
            90.99323843681613,
            96.28063353471165,
            96.17783159419231,
            96.60114365013759,
            96.58439800228155,
            96.68303050577235,
            97.29341399182331
        ]
    },
    "train_kappa": {
        "type": "index_value",
        "index": [
            10,
            20,
            30,
            40,
            50,
            60,
            70,
            80,
            90,
            100
        ],
        "value": [
            97.48944526820638,
            46.394062928253796,
            99.19300807136261,
            94.52312989060927,
            98.84478019005476,
            98.88666840786075,
            98.85881174351108,
            98.91423960290375,
            98.16036864334127,
            98.84569466081123
        ]
    },
    "max_oa": {
        "type": "index_value",
        "index": [
            10,
            20,
            30,
            40,
            50,
            60,
            70,
            80,
            90,
            100
        ],
        "value": [
            97.8032706858677,
            97.8032706858677,
            99.2921649987796,
            99.2921649987796,
            99.2921649987796,
            99.2921649987796,
            99.2921649987796,
            99.2921649987796,
            99.2921649987796,
            99.2921649987796
        ]
    },
    "eval_time": 1.1864893436431885,
    "param": {
        "data": {
            "data_sign": "Indian",
            "data_file": "Indian_0.2_pc",
            "diffusion_sign": false,
            "patch_size": 13,
            "test_ratio": 0.95,
            "batch_size": 64,
            "num_classes": 16,
            "pca": -1,
            "dim_heads": 64,
            "spectral_size": 200,
            "append_dim": true,
            "noise_type": "clean"
        },
        "net": {
            "trainer": "ssftt",