{
    "epoch_loss": {
        "type": "index_value",
        "index": [
            1,
            2,
            3,
            4,
            5,
            6,
            7,
            8,
            9,
            10,
            11,
            12,
            13,
            14,
            15,
            16,
            17,
            18,
            19,
            20,
            21,
            22,
            23,
            24,
            25,
            26,
            27,
            28,
            29,
            30,
            31,
            32,
            33,
            34,
            35,
            36,
            37,
            38,
            39,
            40,
            41,
            42,
            43,
            44,
            45,
            46,
            47,
            48,
            49,
            50
        ],
        "value": [
            0.4044948087330036,
            0.0807107685446795,
            0.040892488626773235,
            0.030590966687766043,
            0.025492490954731085,
            0.01447380220438727,
            0.019621714704969716,
            0.01794045586091081,
            0.016444073874252205,
            0.0076898858671584375,
            0.02998071698962486,
            0.007438207241653443,
            0.010008567328003069,
            0.01850227692903836,
            0.01114921723015791,
            0.009951340483642372,
            0.011066002933543326,
            0.001882095042461788,
            0.0038221523499359636,
            0.014429405238566435,
            0.015774362879052418,
            0.015722956100087435,
            0.012858458972065034,
            0.002879017454378967,
            0.001411318909044128,
            0.004115288237144169,
            0.0008592174325377092,
            0.00973734249449334,
            0.029089170148311916,
            0.021656103885379346,
            0.013523939701280817,
            0.004916299759582483,
            0.007130683952879698,
            0.010356791686950298,
            0.005901211820216121,
            0.0064840451053004835,
            0.0025679596563166845,
            0.00603301211805036,
            0.0013039871411157332,
            0.02232041033578764,
            0.007426800403303677,
            0.0058752706950301005,
            0.00873065060123211,
            0.0038446005751076517,
            0.001557165803317025,
            0.012986593700375245,
            0.007982383066338652,
            0.009912923950832325,
            0.002499210952611401,
            0.0010021844180872163
        ]
    },
    "train_oa": {
        "type": "index_value",
        "index": [
            10,
            20,
            30,
            40,
            50
        ],
        "value": [
            71.90952130457654,
            87.9157168741598,
            97.65035945993337,
            92.78157694780525,
            99.87725758372787
        ]
    },
    "train_aa": {
        "type": "index_value",
        "index": [
            10,
            20,
            30,
            40,
            50
        ],
        "value": [
            80.81008489292192,
            87.54025933590817,
            96.02401025374583,
            90.2438167077297,
            99.75478726083821
        ]
    },
    "train_kappa": {
        "type": "index_value",
        "index": [
            10,
            20,
            30,
            40,
            50
        ],
        "value": [
            65.97377005490362,
            83.13778397554651,
            96.89280935597601,
            90.14457748481126,
            99.83732246917215
        ]
    },
    "max_oa": {
        "type": "index_value",
        "index": [
            10,
            20,
            30,
            40,
            50
        ],
        "value": [
            71.90952130457654,
            87.9157168741598,
            97.65035945993337,
            97.65035945993337,
            99.87725758372787
        ]
    },
    "eval_time": 25.487867832183838,
    "param": {
        "data": {
            "data_sign": "Pavia",
            "data_file": "Pavia_0.2_pc",
            "patch_size": 25,
            "serve_patch_size": 25,
            "batch_size": 64,
            "num_classes": 9,
            "pca": -1,
            "dim_heads": 64,
            "spectral_size": 103,
            "random_rotate": false,
            "noise_type": "clean"
        },
        "net": {
            "trainer": "transformer",
            "use_mask": true,
            "net_type": "just_pixel",
            "mlp_head_dim": 64,
            "depth": 2,
            "dim": 64,
            "heads": 20,
            "mask_pct": 50
        },
        "train": {
            "epochs": 50,
            "lr": 0.001,
            "weight_decay": 0,
            "temp": 20
        },
        "uniq_name": "pavia_0.2-nopca_split",
        "train_sign": "train",
        "path_model_save": "./save_models/pavia_0.2-nopca_split",
        "path_res": "./res/pavia_0.2-nopca_split_01052103",
        "path_pic": "./res/pavia_0.2-nopca_split_01052103.png"
    },
    "eval": {
        "classification": "              precision    recall  f1-score   support\n\n           0     0.9981    1.0000    0.9991      5304\n           1     0.9991    0.9999    0.9995     14919\n           2     0.9911    1.0000    0.9956      1679\n           3     0.9988    0.9976    0.9982      2451\n           4     1.0000    1.0000    1.0000      1076\n           5     1.0000    0.9995    0.9998      4023\n           6     1.0000    1.0000    1.0000      1064\n           7     1.0000    0.9915    0.9957      2945\n           8     1.0000    0.9894    0.9947       757\n\n    accuracy                         0.9988     34218\n   macro avg     0.9986    0.9975    0.9980     34218\nweighted avg     0.9988    0.9988    0.9988     34218\n",
        "oa": 99.87725758372787,
        "confusion": "[[ 5304     0     0     0     0     0     0     0     0]\n [    0 14918     0     1     0     0     0     0     0]\n [    0     0  1679     0     0     0     0     0     0]\n [    1     5     0  2445     0     0     0     0     0]\n [    0     0     0     0  1076     0     0     0     0]\n [    0     2     0     0     0  4021     0     0     0]\n [    0     0     0     0     0     0  1064     0     0]\n [    9     0    15     1     0     0     0  2920     0]\n [    0     7     0     1     0     0     0     0   749]]",
        "each_acc": "[100.          99.99329714 100.          99.75520196 100.\n  99.95028586 100.          99.15110357  98.94319683]",
        "aa": 99.75478726083821,
        "kappa": 99.83732246917215
    }
}