{
    "epoch_loss": {
        "type": "index_value",
        "index": [
            1,
            2,
            3,
            4,
            5,
            6,
            7,
            8,
            9,
            10,
            11,
            12,
            13,
            14,
            15,
            16,
            17,
            18,
            19,
            20,
            21,
            22,
            23,
            24,
            25,
            26,
            27,
            28,
            29,
            30,
            31,
            32,
            33,
            34,
            35,
            36,
            37,
            38,
            39,
            40,
            41,
            42,
            43,
            44,
            45,
            46,
            47,
            48,
            49,
            50,
            51,
            52,
            53,
            54,
            55,
            56,
            57,
            58,
            59,
            60,
            61,
            62,
            63,
            64,
            65,
            66,
            67,
            68,
            69,
            70,
            71,
            72,
            73,
            74,
            75,
            76,
            77,
            78,
            79,
            80,
            81,
            82,
            83,
            84,
            85,
            86,
            87,
            88,
            89,
            90,
            91,
            92,
            93,
            94,
            95,
            96,
            97,
            98,
            99,
            100
        ],
        "value": [
            0.3950206103479369,
            0.07628682611993776,
            0.03736370980169787,
            0.03436143309065994,
            0.022261474531846476,
            0.010090807719636281,
            0.018023301928027067,
            0.012217603649984985,
            0.011874680212113617,
            0.022168117395786516,
            0.02059442360334407,
            0.004077653238097335,
            0.012000268436646205,
            0.01564485822713077,
            0.034677021978734235,
            0.021125192606404206,
            0.011514733250458146,
            0.008253732723599423,
            0.004417376639386741,
            0.0034154577236352687,
            0.020318675082214795,
            0.012433049495294507,
            0.0145264300189087,
            0.00385103506267029,
            0.0034887127534089252,
            0.016919220540292525,
            0.00771242577275603,
            0.006356325562169275,
            0.004588288624802117,
            0.02080570188271316,
            0.005266746816958053,
            0.007365377949220791,
            0.012027760312034712,
            0.00894301198722177,
            0.027604944987853083,
            0.002680955408062119,
            0.0008723982089625937,
            0.006469599996355205,
            0.008695610880612575,
            0.010208564671539997,
            0.008538324709526358,
            0.0007732241157334377,
            0.007410179931992495,
            0.021569985205012254,
            0.002044826369045063,
            0.0008150777793748399,
            0.013579194582247317,
            0.009280489483979701,
            0.002186889268076894,
            0.015127390405959984,
            0.013531518459404843,
            0.008016466167778279,
            0.005747045709518226,
            0.005138662930810443,
            0.003030933151786298,
            0.002732999501995681,
            0.0010984785620200385,
            0.004783274963074026,
            0.010834259313971308,
            0.009862734341559064,
            0.009517134961253261,
            0.002193079025249669,
            0.002217366252404984,
            0.00469620982741917,
            0.00831513839024058,
            0.00260942357238985,
            0.0007388561733843392,
            0.02004240180662316,
            0.014730122622569793,
            0.0035013010158813315,
            0.0035198983803889222,
            0.002038292443151309,
            0.004848595737498209,
            0.0030387006909254576,
            0.012189295374281138,
            0.0022908720639547354,
            0.0034966768331909227,
            0.005261508074173798,
            0.0009118847913055387,
            0.002984095620662925,
            0.011770545132833656,
            0.00127155560152418,
            0.005396888684108658,
            0.006559561359187933,
            0.007679717799269497,
            0.019516806436795275,
            0.0055304361453918,
            0.003744378961930907,
            0.003757701035500614,
            0.004964062454275021,
            0.002671259219505086,
            0.00037101592441541426,
            0.0007017266876753374,
            0.0018402925784843322,
            0.003948132767594287,
            0.0020358503266078905,
            0.0031116125452611255,
            0.006084921596735775,
            0.01345886400925049,
            0.005297066697647974
        ]
    },
    "train_oa": {
        "type": "index_value",
        "index": [
            10,
            20,
            30,
            40,
            50,
            60,
            70,
            80,
            90,
            100
        ],
        "value": [
            99.83049856800514,
            99.2898474487112,
            99.59962592787421,
            99.75159272897307,
            90.97550996551522,
            99.36583084926063,
            99.77204979835174,
            96.16283827225438,
            99.91817172248524,
            99.0385177392016
        ]
    },
    "train_aa": {
        "type": "index_value",
        "index": [
            10,
            20,
            30,
            40,
            50,
            60,
            70,
            80,
            90,
            100
        ],
        "value": [
            99.81378728515602,
            98.96454804005315,
            99.46641534548183,
            99.39747052572882,
            90.47654086002888,
            99.52546194529793,
            99.45486853324819,
            98.88662026508754,
            99.87854782025268,
            98.99828870260889
        ]
    },
    "train_kappa": {
        "type": "index_value",
        "index": [
            10,
            20,
            30,
            40,
            50,
            60,
            70,
            80,
            90,
            100
        ],
        "value": [
            99.77541445553469,
            99.0578213214428,
            99.46941706808768,
            99.67055170755134,
            87.61987396583817,
            99.16131399217186,
            99.69782809451115,
            94.99621814270326,
            99.89154273362651,
            98.72624632294394
        ]
    },
    "max_oa": {
        "type": "index_value",
        "index": [
            10,
            20,
            30,
            40,
            50,
            60,
            70,
            80,
            90,
            100
        ],
        "value": [
            99.83049856800514,
            99.83049856800514,
            99.83049856800514,
            99.83049856800514,
            99.83049856800514,
            99.83049856800514,
            99.83049856800514,
            99.83049856800514,
            99.91817172248524,
            99.91817172248524
        ]
    },
    "eval_time": 40.246065855026245,
    "param": {
        "data": {
            "data_sign": "Pavia",
            "data_file": "Pavia_0.2_pc",
            "patch_size": 25,
            "serve_patch_size": 25,
            "batch_size": 64,
            "num_classes": 9,
            "pca": -1,
            "dim_heads": 64,
            "spectral_size": 103,
            "random_rotate": false,
            "noise_type": "clean"
        },
        "net": {
            "trainer": "transformer",
            "use_mask": true,