{
    "epoch_loss": {
        "type": "index_value",
        "index": [
            1,
            2,
            3,
            4,
            5,
            6,
            7,
            8,
            9,
            10,
            11,
            12,
            13,
            14,
            15,
            16,
            17,
            18,
            19,
            20,
            21,
            22,
            23,
            24,
            25,
            26,
            27,
            28,
            29,
            30,
            31,
            32,
            33,
            34,
            35,
            36,
            37,
            38,
            39,
            40,
            41,
            42,
            43,
            44,
            45,
            46,
            47,
            48,
            49,
            50
        ],
        "value": [
            0.6907845742584361,
            0.1745961826798737,
            0.07576918576742395,
            0.06502852628939507,
            0.05398199193398998,
            0.03260661833393961,
            0.028747980207549574,
            0.021619313388678077,
            0.0207234113584907,
            0.024487239323890735,
            0.014807459924030082,
            0.028621745213659903,
            0.014955967492340157,
            0.022133896780291932,
            0.008009011386190682,
            0.008704218112111186,
            0.016973240242138782,
            0.006520278773832737,
            0.012379542352371814,
            0.004203356969019877,
            0.0029479721502852995,
            0.015863908876798356,
            0.01585306551896835,
            0.009601712807611181,
            0.009970356017367692,
            0.006455576421114455,
            0.009786969761826232,
            0.00589459448323739,
            0.006740253440231315,
            0.013733395887631292,
            0.008882128160497377,
            0.003801218378651144,
            0.007729048483865086,
            0.012523268357848217,
            0.016274508276441075,
            0.008134875639286707,
            0.00273609547008488,
            0.016347185038058442,
            0.013965835840186418,
            0.008634873971013955,
            0.005434801351592925,
            0.0021878765643026693,
            0.0013188783181177749,
            0.0017858166044443992,
            0.0010365443581956382,
            0.0022023880020746313,
            0.0012752357333426028,
            0.01255700832829628,
            0.003167810977768953,
            0.0037124627045353343
        ]
    },
    "train_oa": {
        "type": "index_value",
        "index": [
            10,
            20,
            30,
            40,
            50
        ],
        "value": [
            90.38809983049858,
            99.87141270676251,
            97.52469460517857,
            98.211467648606,
            96.34987433514524
        ]
    },
    "train_aa": {
        "type": "index_value",
        "index": [
            10,
            20,
            30,
            40,
            50
        ],
        "value": [
            92.0982847828006,
            99.78645845939353,
            99.06547242734666,
            97.4275666503211,
            93.59223923017427
        ]
    },
    "train_kappa": {
        "type": "index_value",
        "index": [
            10,
            20,
            30,
            40,
            50
        ],
        "value": [
            87.60895086267196,
            99.8295851123269,
            96.7495409235441,
            97.61197540314878,
            95.14046821808502
        ]
    },
    "max_oa": {
        "type": "index_value",
        "index": [
            10,
            20,
            30,
            40,
            50
        ],
        "value": [
            90.38809983049858,
            99.87141270676251,
            99.87141270676251,
            99.87141270676251,
            99.87141270676251
        ]
    },
    "eval_time": 7.0437891483306885,
    "param": {
        "data": {
            "data_sign": "Pavia",
            "data_file": "Pavia_0.2_pc",
            "patch_size": 25,
            "serve_patch_size": 25,
            "batch_size": 64,
            "num_classes": 9,
            "pca": -1,
            "dim_heads": 64,
            "spectral_size": 103,
            "random_rotate": false,
            "noise_type": "clean"
        },
        "net": {
            "trainer": "CNN",
            "use_mask": true,
            "net_type": "just_pixel",
            "mlp_head_dim": 64,
            "depth": 2,
            "dim": 64,
            "heads": 20,
            "mask_pct": 50
        },
        "train": {
            "epochs": 50,
            "lr": 0.001,
            "weight_decay": 0,
            "temp": 20
        },
        "uniq_name": "pavia_0.2-CNN_split",
        "train_sign": "train",
        "path_model_save": "./save_models/pavia_0.2-CNN_split",
        "path_res": "./res/pavia_0.2-CNN_split_01052322",
        "path_pic": "./res/pavia_0.2-CNN_split_01052322.png"
    },
    "eval": {
        "classification": "              precision    recall  f1-score   support\n\n           0     0.8250    1.0000    0.9041      5304\n           1     0.9952    0.9998    0.9975     14919\n           2     1.0000    0.7016    0.8246      1679\n           3     0.9992    0.9653    0.9819      2451\n           4     0.9991    1.0000    0.9995      1076\n           5     1.0000    0.9938    0.9969      4023\n           6     0.9852    1.0000    0.9925      1064\n           7     0.9865    0.7919    0.8785      2945\n           8     0.9986    0.9709    0.9846       757\n\n    accuracy                         0.9635     34218\n   macro avg     0.9765    0.9359    0.9511     34218\nweighted avg     0.9690    0.9635    0.9627     34218\n",
        "oa": 96.34987433514524,
        "confusion": "[[ 5304     0     0     0     0     0     0     0     0]\n [    3 14916     0     0     0     0     0     0     0]\n [  454     0  1178     2     0     0    12    32     1]\n [   41    44     0  2366     0     0     0     0     0]\n [    0     0     0     0  1076     0     0     0     0]\n [   10    13     0     0     0  3998     2     0     0]\n [    0     0     0     0     0     0  1064     0     0]\n [  613     0     0     0     0     0     0  2332     0]\n [    4    15     0     0     1     0     2     0   735]]",
        "each_acc": "[100.          99.97989141  70.16081001  96.53202774 100.\n  99.3785732  100.          79.18505942  97.09379128]",
        "aa": 93.59223923017427,
        "kappa": 95.14046821808502
    }
}