{
    "epoch_loss": {
        "type": "index_value",
        "index": [
            1,
            2,
            3,
            4,
            5,
            6,
            7,
            8,
            9,
            10,
            11,
            12,
            13,
            14,
            15,
            16,
            17,
            18,
            19,
            20,
            21,
            22,
            23,
            24,
            25,
            26,
            27,
            28,
            29,
            30,
            31,
            32,
            33,
            34,
            35,
            36,
            37,
            38,
            39,
            40,
            41,
            42,
            43,
            44,
            45,
            46,
            47,
            48,
            49,
            50,
            51,
            52,
            53,
            54,
            55,
            56,
            57,
            58,
            59,
            60,
            61,
            62,
            63,
            64,
            65,
            66,
            67,
            68,
            69,
            70,
            71,
            72,
            73,
            74,
            75,
            76,
            77,
            78,
            79,
            80,
            81,
            82,
            83,
            84,
            85,
            86,
            87,
            88,
            89,
            90,
            91,
            92,
            93,
            94,
            95,
            96,
            97,
            98,
            99,
            100
        ],
        "value": [
            0.5536827954190946,
            0.15084815579204253,
            0.0737932196858122,
            0.03456491104419208,
            0.0376594612074763,
            0.03237933962562146,
            0.011080234629833572,
            0.020752599525386627,
            0.015499747668413198,
            0.013219760247680538,
            0.01588464034442664,
            0.01754541309063359,
            0.003828903125712422,
            0.0026007766504523343,
            0.009857994038067527,
            0.020711958214865232,
            0.0043386266377784324,
            0.006420651694439129,
            0.005021647764604907,
            0.0015700274698440505,
            0.003105605637827517,
            0.0072252592476991125,
            0.011916889839556563,
            0.025536688736044755,
            0.011202869925104775,
            0.004334481973699318,
            0.005882224717158297,
            0.0023316451382205464,
            0.00028032210548923345,
            0.0030598004162240818,
            0.00044180959776283254,
            0.008887979759611126,
            0.012477214034993847,
            0.01520220234710277,
            0.0037615916387391955,
            0.0032939942338084706,
            0.0004183894420141576,
            0.000125745025019744,
            0.00015501565163432993,
            0.00017221685443812704,
            0.00011522094890578982,
            0.00862344923277154,
            0.010719016471377482,
            0.010722709889465191,
            0.0063507902572173015,
            0.001389278097179992,
            0.0005828475568614075,
            0.00047972744403533595,
            0.004545115744410354,
            0.013073423624905323,
            0.027345721894069402,
            0.0016099576370779418,
            0.00056642123163337,
            0.0005313150218452986,
            0.0006342999880302724,
            7.021855989561035e-05,
            0.0008561121007544165,
            0.0008139850282650031,
            0.0024813416913279894,
            0.003333114958907741,
            0.010124557703582327,
            0.0073793139103717825,
            0.005477167394903053,
            0.0004098303770393194,
            0.009531869898264926,
            0.0038964380443721504,
            0.0022604214348089526,
            0.00032495354629896717,
            5.266806984586851e-05,
            4.221877517391982e-05,
            0.00020385833897871425,
            5.943825292457138e-05,
            4.1215817512825845e-05,
            9.870451899467262e-05,
            2.8188031194265817e-05,
            5.657830885560488e-05,
            2.2281454502171588e-05,
            4.566773014136636e-05,
            2.670398663226333e-05,
            0.011762652553861839,
            0.018322592580274664,
            0.006027809787211903,
            0.00043488366934561003,
            0.00047498827987736534,
            0.00011577192115649972,
            3.0278033126600957e-05,
            0.011022674941393855,
            0.002954752988242872,
            0.0011297993069259743,
            0.0002796240476030576,
            5.1620530312546626e-05,
            7.990836016536503e-05,
            0.0004630305911868267,
            0.013643619752067192,
            0.0035355857578879056,
            0.00025258413578295045,
            0.012050976330623355,
            0.0017437000577667217,
            0.0008697473697721618,
            0.00038943824654135697
        ]
    },
    "train_oa": {
        "type": "index_value",
        "index": [
            10,
            20,
            30,
            40,
            50,
            60,
            70,
            80,
            90,
            100
        ],
        "value": [
            99.59378105090889,
            99.85680051434917,
            99.84803319890116,
            99.88602489917588,
            54.4041147933836,
            99.19340697878309,
            99.90355953007189,
            99.44181424981005,
            99.92109416096791,
            99.90355953007189
        ]
    },
    "train_aa": {
        "type": "index_value",
        "index": [
            10,
            20,
            30,
            40,
            50,
            60,
            70,
            80,
            90,
            100
        ],
        "value": [
            99.22411959681887,
            99.61017587177756,
            99.56004210921141,
            99.68452068071973,
            67.44822853906297,
            98.66117664726623,
            99.68859119791502,
            99.06258199661406,
            99.73030999208972,
            99.70481434564553
        ]
    },
    "train_kappa": {
        "type": "index_value",
        "index": [
            10,
            20,
            30,
            40,
            50,
            60,
            70,
            80,
            90,
            100
        ],
        "value": [
            99.46150465165057,
            99.81019626899071,
            99.79858035610293,
            99.84894832144072,
            46.83412034987797,
            98.9311629860386,
            99.87220237753326,
            99.2597036353622,
            99.89543196129075,
            99.87218626085941
        ]
    },
    "max_oa": {
        "type": "index_value",
        "index": [
            10,
            20,
            30,
            40,
            50,
            60,
            70,
            80,
            90,
            100
        ],
        "value": [
            99.59378105090889,
            99.85680051434917,
            99.85680051434917,
            99.88602489917588,
            99.88602489917588,
            99.88602489917588,
            99.90355953007189,
            99.90355953007189,
            99.92109416096791,
            99.92109416096791
        ]
    },
    "eval_time": 3.6577401161193848,
    "param": {
        "data": {
            "data_sign": "Pavia",
            "data_file": "Pavia_0.2_pc",
            "diffusion_sign": false,
            "patch_size": 13,
            "test_ratio": 0.95,
            "batch_size": 64,
            "num_classes": 9,
            "pca": -1,
            "dim_heads": 64,
            "spectral_size": 103,
            "append_dim": true,
            "noise_type": "clean"
        },