{
    "train_oa": {
        "type": "index_value",
        "index": [
            1,
            2,
            3,
            4,
            5,
            6,
            7,
            8,
            9,
            10
        ],
        "value": [
            60.93258864787635,
            62.35874788933627,
            61.75607221717107,
            61.27549032341862,
            61.558643979737624,
            61.97947785426678,
            62.241849590855956,
            62.444473308221845,
            62.662683465385115,
            63.00558514092739
        ]
    },
    "train_aa": {
        "type": "index_value",
        "index": [
            1,
            2,
            3,
            4,
            5,
            6,
            7,
            8,
            9,
            10
        ],
        "value": [
            55.60261211486663,
            53.52099650918271,
            51.11785314265478,
            49.030607678548904,
            47.36021897547355,
            46.19481996802533,
            45.28616400529912,
            44.643932157662455,
            44.087334739519676,
            43.674909068595845
        ]
    },
    "train_kappa": {
        "type": "index_value",
        "index": [
            1,
            2,
            3,
            4,
            5,
            6,
            7,
            8,
            9,
            10
        ],
        "value": [
            50.36914101057521,
            50.95263715079055,
            49.27254773944355,
            47.85881482432378,
            47.52709000092709,
            47.49513565708797,
            47.33588094565325,
            47.16239878667228,
            46.97484394003701,
            46.89223871629946
        ]
    },
    "eval_time": 457.90113639831543,
    "param": {
        "data": {
            "data_sign": "Pavia",
            "data_file": "Pavia_0.1_pc",
            "patch_size": 25,
            "serve_patch_size": 25,
            "batch_size": 64,
            "num_classes": 9,
            "pca": 10,
            "dim_heads": 64,
            "spectral_size": 10,
            "random_rotate": false,
            "noise_type": "additive"
        },
        "net": {
            "trainer": "transformer",
            "use_mask": true,
            "net_type": "just_pixel",
            "mlp_head_dim": 64,
            "depth": 2,
            "dim": 64,
            "heads": 20,
            "mask_pct": 50
        },
        "train": {
            "epochs": 10,
            "lr": 0.001,
            "weight_decay": 0,
            "temp": 20
        },
        "uniq_name": "pavia_0.1_split",
        "train_sign": "tent",
        "path_model_save": "./save_models/pavia_0.1_split",
        "path_res": "./res/pavia_0.1_split_tent_additive_12241614",
        "path_pic": "./res/pavia_0.1_split_tent_additive_12241614.png"
    },
    "eval": {
        "classification": "              precision    recall  f1-score   support\n\n           0     0.4098    0.9846    0.5787      5967\n           1     0.7366    0.9396    0.8258     16784\n           2     0.0000    0.0000    0.0000      1889\n           3     0.9627    0.3185    0.4786      2757\n           4     0.9990    0.7901    0.8823      1210\n           5     1.0000    0.0024    0.0048      4526\n           6     0.0000    0.0000    0.0000      1197\n           7     0.0000    0.0000    0.0000      3313\n           8     0.9922    0.8955    0.9414       852\n\n    accuracy                         0.6301     38495\n   macro avg     0.5667    0.4367    0.4124     38495\nweighted avg     0.6246    0.6301    0.5332     38495\n",
        "oa": 63.00558514092739,
        "confusion": "[[ 5875    92     0     0     0     0     0     0     0]\n [  993 15771     0    20     0     0     0     0     0]\n [ 1889     0     0     0     0     0     0     0     0]\n [   22  1851     0   878     0     0     0     0     6]\n [  251     3     0     0   956     0     0     0     0]\n [  743  3659     0    14     0    11     0    99     0]\n [ 1197     0     0     0     0     0     0     0     0]\n [ 3282    31     0     0     0     0     0     0     0]\n [   84     4     0     0     1     0     0     0   763]]",
        "each_acc": "[98.45818669 93.96448999  0.         31.84620965 79.00826446  0.24304021\n  0.          0.         89.55399061]",
        "aa": 43.674909068595845,
        "kappa": 46.89223871629946
    }
}