{
    "epoch_loss": {
        "type": "index_value",
        "index": [
            1,
            2,
            3,
            4,
            5,
            6,
            7,
            8,
            9,
            10,
            11,
            12,
            13,
            14,
            15,
            16,
            17,
            18,
            19,
            20,
            21,
            22,
            23,
            24,
            25,
            26,
            27,
            28,
            29,
            30,
            31,
            32,
            33,
            34,
            35,
            36,
            37,
            38,
            39,
            40,
            41,
            42,
            43,
            44,
            45,
            46,
            47,
            48,
            49,
            50,
            51,
            52,
            53,
            54,
            55,
            56,
            57,
            58,
            59,
            60,
            61,
            62,
            63,
            64,
            65,
            66,
            67,
            68,
            69,
            70,
            71,
            72,
            73,
            74,
            75,
            76,
            77,
            78,
            79,
            80,
            81,
            82,
            83,
            84,
            85,
            86,
            87,
            88,
            89,
            90,
            91,
            92,
            93,
            94,
            95,
            96,
            97,
            98,
            99,
            100
        ],
        "value": [
            0.5213631814461942,
            0.1706860303655911,
            0.07483597561372277,
            0.05611208942180121,
            0.031177833623231697,
            0.04200350183956142,
            0.03634700501468999,
            0.028297470637679196,
            0.01733687244276019,
            0.027969816338774652,
            0.012724030003096142,
            0.012864038862503906,
            0.009498405407234456,
            0.008576786326761173,
            0.02595484805917818,
            0.015093639800636275,
            0.008818963929405132,
            0.04756688373614965,
            0.009737278754751303,
            0.006580431727486072,
            0.010729516014122874,
            0.0073527505148103045,
            0.001680393304102338,
            0.0010044935281160146,
            0.003204387884566808,
            0.01728154055407853,
            0.02523520135826323,
            0.008563473312012054,
            0.014741589740631729,
            0.007724058225060539,
            0.0036398416808138176,
            0.003042259009168219,
            0.0005228549078129516,
            0.011705689844417447,
            0.008718642996975398,
            0.004235037004512396,
            0.0031820588333846284,
            0.003554772798580131,
            0.021850742193129477,
            0.004268532651197835,
            0.00799883779044438,
            0.002126886039507841,
            0.002581438316549834,
            0.0014993640356558663,
            0.012776604542287344,
            0.013202390281964972,
            0.013650609557422208,
            0.006897123047874871,
            0.001200522547590745,
            0.0006299786649071351,
            0.00045098313753392247,
            0.005973931054382465,
            0.002822563188784001,
            0.0009576553162374517,
            0.0015743992587282105,
            0.0019361030059158444,
            0.0009588678468694001,
            0.018122595665279566,
            0.03240771797489132,
            0.00506510032973646,
            0.0007101086865599821,
            0.001836285098996515,
            0.0021571424559337846,
            0.004158825181308342,
            0.0025924952233022714,
            0.0006986659082966324,
            0.0005201932551169652,
            0.011937441521348199,
            0.005624015378923563,
            0.0014724872281204715,
            0.008681666894281832,
            0.0012641608916116106,
            0.0006791833546277254,
            0.0001984570730442115,
            0.00019893833936722032,
            0.0003400771084296978,
            0.0031988913078742362,
            0.005888514267767689,
            0.02505884503523713,
            0.005367308148113906,
            0.0029972011154448135,
            0.005254033307994497,
            0.002013301938064396,
            0.00212853741845162,
            0.00021701340328356903,
            0.00010453645608758978,
            0.0007863901371740117,
            0.00016632233369251714,
            0.0002535629390515603,
            0.0001122321914672622,
            0.00010712990553443523,
            0.0002268962242051366,
            0.00012184149055913684,
            0.008709258775186524,
            0.020076543815579342,
            0.010815022235506998,
            0.006339546214294013,
            0.004907430136679752,
            0.0013803265665352708,
            7.284216631464008e-05
        ]
    },
    "train_oa": {
        "type": "index_value",
        "index": [
            10,
            20,
            30,
            40,
            50,
            60,
            70,
            80,
            90,
            100
        ],
        "value": [
            98.00981939330177,
            99.74574785200771,
            99.8538780758665,
            99.48272838856742,
            99.90648196855456,
            99.93570635338126,
            99.60547080483956,
            96.45508212052137,
            99.92693903793325,
            99.89186977614122
        ]
    },
    "train_aa": {
        "type": "index_value",
        "index": [
            10,
            20,
            30,
            40,
            50,
            60,
            70,
            80,
            90,
            100
        ],
        "value": [
            96.56841825243674,
            99.39924894978496,
            99.64174062524859,
            99.38477028842253,
            99.70008316434057,
            99.88577639039691,
            99.17057274312296,
            96.38842752066778,
            99.83782595170115,
            99.7155315803076
        ]
    },
    "train_kappa": {
        "type": "index_value",
        "index": [
            10,
            20,
            30,
            40,
            50,
            60,
            70,
            80,
            90,
            100
        ],
        "value": [
            97.3647949239172,
            99.6630506144221,
            99.80638512305337,
            99.31473412729792,
            99.87606676918655,
            99.91479590034402,
            99.47721346578005,
            95.3268045063653,
            99.90318205691854,
            99.85670507937996
        ]
    },
    "max_oa": {
        "type": "index_value",
        "index": [
            10,
            20,
            30,
            40,
            50,
            60,
            70,
            80,
            90,
            100
        ],
        "value": [
            98.00981939330177,
            99.74574785200771,
            99.8538780758665,
            99.8538780758665,
            99.90648196855456,
            99.93570635338126,
            99.93570635338126,
            99.93570635338126,
            99.93570635338126,
            99.93570635338126
        ]
    },
    "eval_time": 2.7358856201171875,
    "param": {
        "data": {
            "data_sign": "Pavia",
            "data_file": "Pavia_0.2_pc",
            "diffusion_sign": false,
            "patch_size": 13,
            "test_ratio": 0.95,
            "batch_size": 64,
            "num_classes": 9,
            "pca": -1,
            "dim_heads": 64,
            "spectral_size": 103,
            "append_dim": true,
            "noise_type": "clean"
        },
        "net": {
            "trainer": "ssftt",