{
    "train_oa": {
        "type": "index_value",
        "index": [
            1,
            2,
            3,
            4,
            5,
            6,
            7,
            8,
            9,
            10
        ],
        "value": [
            58.706714979038146,
            42.55904233462543,
            42.22715818087256,
            42.22715818087256,
            42.22715818087256,
            42.22715818087256,
            42.22715818087256,
            42.22715818087256,
            42.22715818087256,
            42.22715818087256
        ]
    },
    "train_aa": {
        "type": "index_value",
        "index": [
            1,
            2,
            3,
            4,
            5,
            6,
            7,
            8,
            9,
            10
        ],
        "value": [
            19.261429732615206,
            4.853743674405398,
            4.545454545454546,
            4.545454545454546,
            4.545454545454546,
            4.545454545454546,
            4.545454545454546,
            4.545454545454546,
            4.545454545454546,
            4.545454545454546
        ]
    },
    "train_kappa": {
        "type": "index_value",
        "index": [
            1,
            2,
            3,
            4,
            5,
            6,
            7,
            8,
            9,
            10
        ],
        "value": [
            38.34827589001285,
            1.0976486399385532,
            0.05894649135274044,
            0.023628021263266685,
            0.013150885502999365,
            0.007808755453841965,
            0.00554845166236273,
            0.003493541356824892,
            0.0024660545320576155,
            0.0018495523017914017
        ]
    },
    "eval_time": 4352.110006093979,
    "param": {
        "data": {
            "data_sign": "WH",
            "data_file": "WH_0.1_pc",
            "patch_size": 25,
            "serve_patch_size": 25,
            "batch_size": 32,
            "num_classes": 22,
            "pca": 30,
            "dim_heads": 64,
            "spectral_size": 30,
            "random_rotate": false,
            "noise_type": "additive"
        },
        "net": {
            "trainer": "transformer",
            "use_mask": true,
            "mlp_head_dim": 64,
            "depth": 3,
            "dim": 64,
            "heads": 20,
            "kernal": 3,
            "padding": 1
        },
        "train": {
            "epochs": 10,
            "lr": 0.001,
            "weight_decay": 0
        },
        "uniq_name": "wh_0.1_split",
        "train_sign": "tent",
        "path_model_save": "./save_models/wh_0.1_split",
        "path_res": "./res/wh_0.1_split_tent_additive_12241708",
        "path_pic": "./res/wh_0.1_split_tent_additive_12241708.png"
    },
    "eval": {
        "classification": "              precision    recall  f1-score   support\n\n           0     0.0000    0.0000    0.0000     12636\n           1     0.0000    0.0000    0.0000      3160\n           2     0.0000    0.0000    0.0000     19638\n           3     0.4223    1.0000    0.5938    146956\n           4     0.0000    0.0000    0.0000      5596\n           5     0.0000    0.0000    0.0000     40101\n           6     0.0000    0.0000    0.0000     21692\n           7     0.0000    0.0000    0.0000      3648\n           8     0.0000    0.0000    0.0000      9737\n           9     0.0000    0.0000    0.0000     11154\n          10     0.0000    0.0000    0.0000      9913\n          11     0.0000    0.0000    0.0000      8058\n          12     0.0000    0.0000    0.0000     20256\n          13     0.0000    0.0000    0.0000      6620\n          14     0.0000    0.0000    0.0000       901\n          15     0.0000    0.0000    0.0000      6535\n          16     0.0000    0.0000    0.0000      2709\n          17     0.0000    0.0000    0.0000      2895\n          18     0.0000    0.0000    0.0000      7840\n          19     0.0000    0.0000    0.0000      3137\n          20     0.0000    0.0000    0.0000      1195\n          21     0.0000    0.0000    0.0000      3636\n\n    accuracy                         0.4223    348013\n   macro avg     0.0192    0.0455    0.0270    348013\nweighted avg     0.1783    0.4223    0.2507    348013\n",
        "oa": 42.22715818087256,
        "confusion": "[[     0      0      0  12636      0      0      0      0      0      0\n       0      0      0      0      0      0      0      0      0      0\n       0      0]\n [     0      0      0   3160      0      0      0      0      0      0\n       0      0      0      0      0      0      0      0      0      0\n       0      0]\n [     0      0      0  19638      0      0      0      0      0      0\n       0      0      0      0      0      0      0      0      0      0\n       0      0]\n [     0      0      0 146956      0      0      0      0      0      0\n       0      0      0      0      0      0      0      0      0      0\n       0      0]\n [     0      0      0   5596      0      0      0      0      0      0\n       0      0      0      0      0      0      0      0      0      0\n       0      0]\n [     0      0      0  40101      0      0      0      0      0      0\n       0      0      0      0      0      0      0      0      0      0\n       0      0]\n [     0      0      0  21692      0      0      0      0      0      0\n       0      0      0      0      0      0      0      0      0      0\n       0      0]\n [     0      0      0   3648      0      0      0      0      0      0\n       0      0      0      0      0      0      0      0      0      0\n       0      0]\n [     0      0      0   9737      0      0      0      0      0      0\n       0      0      0      0      0      0      0      0      0      0\n       0      0]\n [     0      0      0  11154      0      0      0      0      0      0\n       0      0      0      0      0      0      0      0      0      0\n       0      0]\n [     0      0      0   9913      0      0      0      0      0      0\n       0      0      0      0      0      0      0      0      0      0\n       0      0]\n [     0      0      0   8058      0      0      0      0      0      0\n       0      0      0      0      0      0      0      0      0      0\n       0      0]\n [     0      0      0  20256      0      0      0      0      0      0\n       0      0      0      0      0      0      0      0      0      0\n       0      0]\n [     0      0      0   6620      0      0      0      0      0      0\n       0      0      0      0      0      0      0      0      0      0\n       0      0]\n [     0      0      0    901      0      0      0      0      0      0\n       0      0      0      0      0      0      0      0      0      0\n       0      0]\n [     0      0      0   6535      0      0      0      0      0      0\n       0      0      0      0      0      0      0      0      0      0\n       0      0]\n [     0      9      0   2700      0      0      0      0      0      0\n       0      0      0      0      0      0      0      0      0      0\n       0      0]\n [     0      0      0   2895      0      0      0      0      0      0\n       0      0      0      0      0      0      0      0      0      0\n       0      0]\n [     0      0      0   7840      0      0      0      0      0      0\n       0      0      0      0      0      0      0      0      0      0\n       0      0]\n [     0      0      0   3137      0      0      0      0      0      0\n       0      0      0      0      0      0      0      0      0      0\n       0      0]\n [     0      0      0   1195      0      0      0      0      0      0\n       0      0      0      0      0      0      0      0      0      0\n       0      0]\n [     0      0      0   3636      0      0      0      0      0      0\n       0      0      0      0      0      0      0      0      0      0\n       0      0]]",