{
    "epoch_loss": {
        "type": "index_value",
        "index": [
            1,
            2,
            3,
            4,
            5,
            6,
            7,
            8,
            9,
            10,
            11,
            12,
            13,
            14,
            15,
            16,
            17,
            18,
            19,
            20,
            21,
            22,
            23,
            24,
            25,
            26,
            27,
            28,
            29,
            30,
            31,
            32,
            33,
            34,
            35,
            36,
            37,
            38,
            39,
            40,
            41,
            42,
            43,
            44,
            45,
            46,
            47,
            48,
            49,
            50,
            51,
            52,
            53,
            54,
            55,
            56,
            57,
            58,
            59,
            60,
            61,
            62,
            63,
            64,
            65,
            66,
            67,
            68,
            69,
            70,
            71,
            72,
            73,
            74,
            75,
            76,
            77,
            78,
            79,
            80,
            81,
            82,
            83,
            84,
            85,
            86,
            87,
            88,
            89,
            90,
            91,
            92,
            93,
            94,
            95,
            96,
            97,
            98,
            99,
            100
        ],
        "value": [
            0.45651247132331485,
            0.19098791622849481,
            0.1356456328624447,
            0.10304582532954298,
            0.08957562655118213,
            0.07852552083246163,
            0.06586570214102982,
            0.06118671288864029,
            0.05761521489059264,
            0.04892754888385857,
            0.046775417094067795,
            0.04498950501363658,
            0.04399738690942596,
            0.03996624782814682,
            0.03842573487105834,
            0.03596675811888957,
            0.03321777159311674,
            0.03251052529498038,
            0.03203611097495964,
            0.02969490787530326,
            0.029070371381978984,
            0.028755884209834794,
            0.025743783165871233,
            0.02650568407091747,
            0.025292367378502635,
            0.024080343832875384,
            0.02463973671834006,
            0.02383436138848755,
            0.024105275410209195,
            0.022126668848557917,
            0.022136605236055915,
            0.024309996524372924,
            0.020265445847896704,
            0.02009867432355586,
            0.0210262913032536,
            0.019005062299150513,
            0.020491760235576934,
            0.01930773155544056,
            0.01876017761072984,
            0.018366586267973516,
            0.017002944729020832,
            0.01879119271285204,
            0.015770592443706846,
            0.017383728325140714,
            0.017339065743319764,
            0.016575912801510242,
            0.017378241062290956,
            0.015971247285624914,
            0.015155964304109294,
            0.0168968080070089,
            0.01494908702630794,
            0.015231661006685103,
            0.013935272619993761,
            0.016199705874330398,
            0.013462131146690528,
            0.013438072736457548,
            0.013028420446497995,
            0.01403486509144923,
            0.013158828988368333,
            0.014733396045517926,
            0.012803994210618333,
            0.012364157885696935,
            0.012790127226800672,
            0.013772127361570375,
            0.012982954749437925,
            0.012948005461504727,
            0.010767651867727088,
            0.012388854163001681,
            0.013479931741340037,
            0.013367360301374564,
            0.012547343339068094,
            0.011997454617542163,
            0.012191598276677748,
            0.012199532405269128,
            0.012052769171237985,
            0.01285828596549041,
            0.011148179956616487,
            0.012332595867260637,
            0.011208226850693078,
            0.011763100017926437,
            0.010935425511278669,
            0.01167245839393522,
            0.010901047791562942,
            0.011315091612342698,
            0.009292157854952297,
            0.011415190509678257,
            0.011294321109761817,
            0.01048062211460241,
            0.010497778190044202,
            0.011760746761037525,
            0.0091678946150679,
            0.010785737831844885,
            0.009698496930224006,
            0.010152189947757117,
            0.01010945634215701,
            0.010168734106350032,
            0.011353332617278519,
            0.008704395765657015,
            0.009772068568349376,
            0.009882339379280784
        ]
    },
    "train_oa": {
        "type": "index_value",
        "index": [
            10,
            20,
            30,
            40,
            50,
            60,
            70,
            80,
            90,
            100
        ],
        "value": [
            98.77967964570303,
            99.56811973686337,
            99.59074819376424,
            99.81315359873281,
            99.8050720069825,
            99.60658811359485,
            99.8361053193037,
            99.57975722898382,
            99.82446782718324,
            99.82964004590345
        ]
    },
    "train_aa": {
        "type": "index_value",
        "index": [
            10,
            20,
            30,
            40,
            50,
            60,
            70,
            80,
            90,
            100
        ],
        "value": [
            97.89266220183099,
            99.03159113632086,
            98.9330558387962,
            99.61122118016132,
            99.5869205934381,
            99.38838152752564,
            99.6004580962478,
            99.2474365986625,
            99.61645016350083,
            99.68780680236323
        ]
    },
    "train_kappa": {
        "type": "index_value",
        "index": [
            10,
            20,
            30,
            40,
            50,
            60,
            70,
            80,
            90,
            100
        ],
        "value": [
            98.45860349811475,
            99.45446836215443,
            99.48292986679573,
            99.76390934315951,
            99.75371047244494,
            99.50295213959797,
            99.79292557500618,
            99.46906132205136,
            99.7782052795053,
            99.7847663447308
        ]
    },
    "max_oa": {
        "type": "index_value",
        "index": [
            10,
            20,
            30,
            40,
            50,
            60,
            70,
            80,
            90,
            100
        ],
        "value": [
            98.77967964570303,
            99.56811973686337,
            99.59074819376424,
            99.81315359873281,
            99.81315359873281,
            99.81315359873281,
            99.8361053193037,
            99.8361053193037,
            99.8361053193037,
            99.8361053193037
        ]
    },
    "eval_time": 91.69455194473267,
    "param": {
        "data": {
            "data_sign": "WH",
            "data_file": "WH_0.2_pc",
            "patch_size": 13,
            "serve_patch_size": 13,
            "batch_size": 15,
            "num_classes": 22,
            "pca": -1,
            "dim_heads": 64,
            "spectral_size": 270,
            "random_rotate": false,
            "noise_type": "clean"
        },
        "net": {
            "trainer": "CNN",
            "use_mask": true,
            "mlp_head_dim": 64,
            "depth": 3,
            "dim": 64,