{
    "epoch_loss": {
        "type": "index_value",
        "index": [
            1,
            2,
            3,
            4,
            5,
            6,
            7,
            8,
            9,
            10,
            11,
            12,
            13,
            14,
            15,
            16,
            17,
            18,
            19,
            20,
            21,
            22,
            23,
            24,
            25,
            26,
            27,
            28,
            29,
            30,
            31,
            32,
            33,
            34,
            35,
            36,
            37,
            38,
            39,
            40,
            41,
            42,
            43,
            44,
            45,
            46,
            47,
            48,
            49,
            50,
            51,
            52,
            53,
            54,
            55,
            56,
            57,
            58,
            59,
            60,
            61,
            62,
            63,
            64,
            65,
            66,
            67,
            68,
            69,
            70,
            71,
            72,
            73,
            74,
            75,
            76,
            77,
            78,
            79,
            80,
            81,
            82,
            83,
            84,
            85,
            86,
            87,
            88,
            89,
            90,
            91,
            92,
            93,
            94,
            95,
            96,
            97,
            98,
            99,
            100
        ],
        "value": [
            0.7754917202427309,
            0.11912706586155988,
            0.04610369854291404,
            0.03233189056169782,
            0.01633494080577551,
            0.024430672283605463,
            0.010619491465134015,
            0.01622372655811474,
            0.010061780192021879,
            0.0337116384926701,
            0.004139070117965271,
            0.008695738798722206,
            0.003021785884066928,
            0.004767666243934966,
            0.009613215750048457,
            0.026096486737849933,
            0.0038635181359345217,
            0.01790717347160377,
            0.005331703996449794,
            0.0021934082965706526,
            0.002054421432743462,
            0.01606795159764239,
            0.00321518137830189,
            0.0014134391660289185,
            0.0009763253324315701,
            0.0005329638964648384,
            0.0035733915863605144,
            0.001824160834484517,
            0.00040853392164707445,
            0.0005770225196984355,
            0.00460574373665706,
            0.006621189530099439,
            0.0034135358292586206,
            0.013252028478774446,
            0.0015761539361903855,
            0.02281748139235524,
            0.002447105595591738,
            0.0027746616254939135,
            0.008845769008494443,
            0.001306318731220474,
            0.002998110500793445,
            0.0017827537667471915,
            0.019083023998116663,
            0.002343549472619467,
            0.0020781232748268165,
            0.0017409895745160253,
            0.008313549573596984,
            0.011881919093667958,
            0.0007722211509322611,
            0.000966034773327196,
            0.0003098993344995587,
            0.0033711779169167478,
            0.002353387014927123,
            0.0024981973947263026,
            0.002315276562856102,
            0.0007994988084188753,
            0.001240465136740884,
            0.0008416835943820454,
            0.005492666656561501,
            0.002063245351452456,
            0.0069023370506045454,
            0.0013684963507753216,
            0.002248842297213371,
            0.0004838299485125847,
            0.00018070978868548675,
            9.913097552691905e-05,
            0.00017769815130450636,
            0.00010135437398343932,
            7.356867140848968e-05,
            3.270597922912057e-05,
            4.792184249985632e-05,
            4.307630202198033e-05,
            2.7544528553241467e-05,
            3.1667416213071116e-05,
            3.2190176585152786e-05,
            5.5269028312515203e-05,
            0.0049202292159987926,
            0.006846883354497924,
            0.021998334237585584,
            0.009104918740931667,
            0.0021721559118043797,
            0.0010010205555254813,
            0.019796273543687563,
            0.003203202671307926,
            0.0021903854544852407,
            0.0016076585664346673,
            0.00037959953089892665,
            0.00022394135870224392,
            0.0005742144525819258,
            0.0034490294716070847,
            0.0008209124920974663,
            0.00028754695601709217,
            0.0001791206812174923,
            8.369403420788466e-05,
            4.593832091968622e-05,
            7.69898532824629e-05,
            0.0005440822560948634,
            0.009064910857460218,
            0.0068568899078342675,
            0.004998488771148593
        ]
    },
    "train_oa": {
        "type": "index_value",
        "index": [
            10,
            20,
            30,
            40,
            50,
            60,
            70,
            80,
            90,
            100
        ],
        "value": [
            99.7461433313806,
            99.78519820347589,
            99.57039640695177,
            99.90236281976178,
            99.76567076742823,
            99.58992384299941,
            99.88283538371412,
            99.68756102323765,
            99.72661589533294,
            99.6289787150947
        ]
    },
    "train_aa": {
        "type": "index_value",
        "index": [
            10,
            20,
            30,
            40,
            50,
            60,
            70,
            80,
            90,
            100
        ],
        "value": [
            99.52456451904075,
            98.98131541733005,
            99.5445670903987,
            99.69363057909287,
            99.67512329644201,
            99.30261849078954,
            99.51370503804387,
            99.70679648639927,
            99.68790877652597,
            98.88383163075586
        ]
    },
    "train_kappa": {
        "type": "index_value",
        "index": [
            10,
            20,
            30,
            40,
            50,
            60,
            70,
            80,
            90,
            100
        ],
        "value": [
            99.71058039861592,
            99.75508474904198,
            99.51008355044924,
            99.88867034565412,
            99.73283316576351,
            99.53253423250759,
            99.86640525123104,
            99.64373891004959,
            99.68833250062893,
            99.5769944157472
        ]
    },
    "max_oa": {
        "type": "index_value",
        "index": [
            10,
            20,
            30,
            40,
            50,
            60,
            70,
            80,
            90,
            100
        ],
        "value": [
            99.7461433313806,
            99.78519820347589,
            99.78519820347589,
            99.90236281976178,
            99.90236281976178,
            99.90236281976178,
            99.90236281976178,
            99.90236281976178,
            99.90236281976178,
            99.90236281976178
        ]
    },
    "eval_time": 0.42188000679016113,
    "param": {
        "data": {
            "data_sign": "Indian",
            "data_file": "Indian_0.5_pc",
            "diffusion_sign": false,
            "patch_size": 13,
            "test_ratio": 0.95,
            "batch_size": 64,
            "num_classes": 16,
            "pca": 30,
            "dim_heads": 64,
            "spectral_size": 30,
            "append_dim": true,
            "noise_type": "clean"
        },