{
    "epoch_loss": {
        "type": "index_value",
        "index": [
            1,
            2,
            3,
            4,
            5,
            6,
            7,
            8,
            9,
            10,
            11,
            12,
            13,
            14,
            15,
            16,
            17,
            18,
            19,
            20,
            21,
            22,
            23,
            24,
            25,
            26,
            27,
            28,
            29,
            30,
            31,
            32,
            33,
            34,
            35,
            36,
            37,
            38,
            39,
            40,
            41,
            42,
            43,
            44,
            45,
            46,
            47,
            48,
            49,
            50,
            51,
            52,
            53,
            54,
            55,
            56,
            57,
            58,
            59,
            60,
            61,
            62,
            63,
            64,
            65,
            66,
            67,
            68,
            69,
            70,
            71,
            72,
            73,
            74,
            75,
            76,
            77,
            78,
            79,
            80,
            81,
            82,
            83,
            84,
            85,
            86,
            87,
            88,
            89,
            90,
            91,
            92,
            93,
            94,
            95,
            96,
            97,
            98,
            99,
            100
        ],
        "value": [
            1.2302439021245923,
            0.48870197649864994,
            0.28850604582130446,
            0.1701330151554203,
            0.14415636072850638,
            0.12854616867026747,
            0.0800251236618402,
            0.1352643682832093,
            0.08945913113037621,
            0.0740302829929103,
            0.053487642977659865,
            0.05153689817663474,
            0.03460435039260644,
            0.0577235534066529,
            0.03416340661855551,
            0.032070160609511615,
            0.1014546150524698,
            0.08527220138777251,
            0.028285481683712296,
            0.022099936553880036,
            0.015339274414162647,
            0.08715193369098925,
            0.0868478242057999,
            0.01934497230272165,
            0.02572591526959783,
            0.038835418101126985,
            0.0229576074542963,
            0.04002352615356353,
            0.051198650479851386,
            0.034127892882747694,
            0.018866281429023805,
            0.045235151538331866,
            0.03523563006936388,
            0.025094673370974437,
            0.014485276295467862,
            0.009988544195347034,
            0.011611914890200806,
            0.012592858164505845,
            0.015997583423588604,
            0.011412506717127891,
            0.0056677066474751965,
            0.060457997550016816,
            0.03837372015220187,
            0.009775711584534037,
            0.015005377066058692,
            0.01075940062662415,
            0.021667391723951733,
            0.019369989345881758,
            0.030126670058003034,
            0.06711394469400464,
            0.03335541647505858,
            0.04123126706994733,
            0.0356318800944062,
            0.013939981287789885,
            0.008114716074430905,
            0.03946714644507736,
            0.010991789338101928,
            0.007506421354182309,
            0.035628747006125644,
            0.0329481776747068,
            0.011372476848868098,
            0.008835020178330369,
            0.004187088502228097,
            0.010852964671965044,
            0.005006422063331417,
            0.003737809184274684,
            0.003114247593996747,
            0.046114299716224515,
            0.009061372079581383,
            0.010840042047100883,
            0.0311858798845783,
            0.013287832605247145,
            0.03473403016446731,
            0.04576030701933525,
            0.020966626726259447,
            0.00999285414300615,
            0.030712848644000413,
            0.027534578934125892,
            0.013536851716920872,
            0.013385954347850287,
            0.009707287653144478,
            0.02156810392661953,
            0.00559972655976136,
            0.006988885787035253,
            0.007861346000218516,
            0.02549357343263134,
            0.025356241559258162,
            0.033367619462537926,
            0.007122753357279366,
            0.00447892001993495,
            0.041886127569317505,
            0.00813892953586002,
            0.010389632916088142,
            0.024151676112870203,
            0.019694468773270895,
            0.002164609318794523,
            0.00713824637705684,
            0.014268743071498788,
            0.005135951402804897,
            0.0018005234544570797
        ]
    },
    "train_oa": {
        "type": "index_value",
        "index": [
            10,
            20,
            30,
            40,
            50,
            60,
            70,
            80,
            90,
            100
        ],
        "value": [
            88.12731888303065,
            99.55086897090412,
            99.31653973833235,
            99.80472563952353,
            99.80472563952353,
            99.7070884592853,
            99.76567076742823,
            99.7461433313806,
            98.10583870337824,
            99.90236281976178
        ]
    },
    "train_aa": {
        "type": "index_value",
        "index": [
            10,
            20,
            30,
            40,
            50,
            60,
            70,
            80,
            90,
            100
        ],
        "value": [
            95.18586658788529,
            99.19022947532903,
            99.33858121823683,
            99.83325499548263,
            99.73026672754376,
            99.76391394018309,
            99.57385112792174,
            99.42251656850087,
            98.90487357044645,
            99.90678703913997
        ]
    },
    "train_kappa": {
        "type": "index_value",
        "index": [
            10,
            20,
            30,
            40,
            50,
            60,
            70,
            80,
            90,
            100
        ],
        "value": [
            86.66809110374105,
            99.48778432833919,
            99.2208534031994,
            99.77738370602617,
            99.77734216283326,
            99.66594589432435,
            99.73280853913508,
            99.71056606674183,
            97.84643404799922,
            99.88868031634527
        ]
    },
    "max_oa": {
        "type": "index_value",
        "index": [
            10,
            20,
            30,
            40,
            50,
            60,
            70,
            80,
            90,
            100
        ],
        "value": [
            88.12731888303065,
            99.55086897090412,
            99.55086897090412,
            99.80472563952353,
            99.80472563952353,
            99.80472563952353,
            99.80472563952353,
            99.80472563952353,
            99.80472563952353,
            99.90236281976178
        ]
    },
    "eval_time": 0.9228625297546387,
    "param": {
        "data": {
            "data_sign": "Indian",
            "data_file": "Indian_0.5_pc",
            "patch_size": 13,
            "serve_patch_size": 13,
            "batch_size": 64,
            "num_classes": 16,
            "pca": -1,
            "dim_heads": 64,
            "spectral_size": 200,
            "random_rotate": true,
            "use_saved_pca": false,
            "noise_type": "clean"
        },
        "net": {
            "trainer": "transformer",
            "use_mask": false,
            "mlp_dim": 8,