{
    "epoch_loss": {
        "type": "index_value",
        "index": [
            1,
            2,
            3,
            4,
            5,
            6,
            7,
            8,
            9,
            10,
            11,
            12,
            13,
            14,
            15,
            16,
            17,
            18,
            19,
            20,
            21,
            22,
            23,
            24,
            25,
            26,
            27,
            28,
            29,
            30,
            31,
            32,
            33,
            34,
            35,
            36,
            37,
            38,
            39,
            40,
            41,
            42,
            43,
            44,
            45,
            46,
            47,
            48,
            49,
            50,
            51,
            52,
            53,
            54,
            55,
            56,
            57,
            58,
            59,
            60,
            61,
            62,
            63,
            64,
            65,
            66,
            67,
            68,
            69,
            70,
            71,
            72,
            73,
            74,
            75,
            76,
            77,
            78,
            79,
            80,
            81,
            82,
            83,
            84,
            85,
            86,
            87,
            88,
            89,
            90,
            91,
            92,
            93,
            94,
            95,
            96,
            97,
            98,
            99,
            100
        ],
        "value": [
            0.8675989690302128,
            0.1477229761630994,
            0.06268269557058347,
            0.03136211623802386,
            0.01842975261143166,
            0.012576539665111885,
            0.011424194660339964,
            0.01176030986089486,
            0.01656912516311462,
            0.0030003600134899298,
            0.005745102437111359,
            0.0016098267718598932,
            0.0010662555436958964,
            0.0009928669778574472,
            0.0010572470973486258,
            0.00069757731344083,
            0.05523119110021269,
            0.009549713477618736,
            0.00475599555779603,
            0.0048863977028925825,
            0.0031627808306504235,
            0.020880554278211175,
            0.0037688737146355875,
            0.0006207492854155589,
            0.0008243426080599178,
            0.0007644208387309008,
            0.0006241390791971545,
            0.003312227241466092,
            0.00045922980462193675,
            0.0005179382488349462,
            0.00033082283048762673,
            0.0002614199101473401,
            0.0004085342216753298,
            0.000250353874724399,
            0.0003098502282102995,
            0.00022411363087387467,
            0.00010398587054710482,
            0.000212830349976595,
            0.017222411756528333,
            0.02210097141162886,
            0.003308125257611205,
            0.0037771878495606102,
            0.00301822387465703,
            0.002491254451114246,
            0.0010689335224168177,
            0.0009143861679604725,
            0.0009794639519836417,
            0.00023256695561721928,
            0.010372422744297349,
            0.006712256224512511,
            0.005029714079008927,
            0.0150040560328876,
            0.004723944540070907,
            0.0010102988998540938,
            0.0012970082950151734,
            0.00029387280312090727,
            0.00011194114747287215,
            0.00019910408720559718,
            9.126736403006317e-05,
            0.00038095448034199906,
            0.012993672664597625,
            0.026742154684218516,
            0.0019817057885385776,
            0.0014467370310122872,
            0.0013017435720458833,
            0.0005271700119267162,
            0.00021900473148433975,
            0.00012548948332936867,
            0.0001308257052072472,
            8.370173930014518e-05,
            4.5663129401791155e-05,
            6.007381896541037e-05,
            6.335622855432985e-05,
            3.9404199081512097e-05,
            0.00010902562482581639,
            0.005350557348515713,
            0.00032533812908484426,
            0.00014727790033655528,
            0.0001004382813445486,
            8.866250010326662e-05,
            0.0001029821752224638,
            0.0001020569175926935,
            3.1112745990939916e-05,
            2.6391516646487706e-05,
            0.00011573192531303308,
            0.011186701813261176,
            0.03318928214938412,
            0.002325482329199045,
            0.00040024590972548003,
            0.00031817653473407065,
            0.001180147018798076,
            0.021746509626215178,
            0.002761572549648455,
            0.006810975810304951,
            0.002522137606866294,
            0.0004098715701427597,
            0.00030981843398100544,
            0.00032086365889812037,
            0.00042722754840103055,
            0.00020826836277823796
        ]
    },
    "train_oa": {
        "type": "index_value",
        "index": [
            10,
            20,
            30,
            40,
            50,
            60,
            70,
            80,
            90,
            100
        ],
        "value": [
            99.84378051161883,
            99.60945127904705,
            99.82425307557118,
            99.68756102323765,
            99.7070884592853,
            99.82425307557118,
            99.82425307557118,
            99.80472563952353,
            99.7070884592853,
            99.7461433313806
        ]
    },
    "train_aa": {
        "type": "index_value",
        "index": [
            10,
            20,
            30,
            40,
            50,
            60,
            70,
            80,
            90,
            100
        ],
        "value": [
            99.27332871965193,
            98.58890518329628,
            99.22271890959851,
            98.61393942797343,
            98.81681202604334,
            98.83843032884202,
            98.85369046085991,
            99.60987990334075,
            99.04670897783481,
            98.1300453193353
        ]
    },
    "train_kappa": {
        "type": "index_value",
        "index": [
            10,
            20,
            30,
            40,
            50,
            60,
            70,
            80,
            90,
            100
        ],
        "value": [
            99.82188347271403,
            99.55469993092674,
            99.79961038613773,
            99.64377081737112,
            99.66598812010861,
            99.7996083124919,
            99.79960534135311,
            99.77736696284846,
            99.66604309785231,
            99.71055345754553
        ]
    },
    "max_oa": {
        "type": "index_value",
        "index": [
            10,
            20,
            30,
            40,
            50,
            60,
            70,
            80,
            90,
            100
        ],
        "value": [
            99.84378051161883,
            99.84378051161883,
            99.84378051161883,
            99.84378051161883,
            99.84378051161883,
            99.84378051161883,
            99.84378051161883,
            99.84378051161883,
            99.84378051161883,
            99.84378051161883
        ]
    },
    "eval_time": 0.4743080139160156,
    "param": {
        "data": {
            "data_sign": "Indian",
            "data_file": "Indian_0.5_pc",
            "diffusion_sign": false,
            "patch_size": 13,
            "test_ratio": 0.95,
            "batch_size": 64,
            "num_classes": 16,
            "pca": 30,
            "dim_heads": 64,
            "spectral_size": 30,
            "append_dim": true,
            "noise_type": "clean"
        },