{
    "epoch_loss": {
        "type": "index_value",
        "index": [
            1,
            2,
            3,
            4,
            5,
            6,
            7,
            8,
            9,
            10,
            11,
            12,
            13,
            14,
            15,
            16,
            17,
            18,
            19,
            20,
            21,
            22,
            23,
            24,
            25,
            26,
            27,
            28,
            29,
            30,
            31,
            32,
            33,
            34,
            35,
            36,
            37,
            38,
            39,
            40,
            41,
            42,
            43,
            44,
            45,
            46,
            47,
            48,
            49,
            50,
            51,
            52,
            53,
            54,
            55,
            56,
            57,
            58,
            59,
            60,
            61,
            62,
            63,
            64,
            65,
            66,
            67,
            68,
            69,
            70,
            71,
            72,
            73,
            74,
            75,
            76,
            77,
            78,
            79,
            80,
            81,
            82,
            83,
            84,
            85,
            86,
            87,
            88,
            89,
            90,
            91,
            92,
            93,
            94,
            95,
            96,
            97,
            98,
            99,
            100
        ],
        "value": [
            1.3753967898637753,
            0.6331945639248944,
            0.3582574009848831,
            0.260499892422171,
            0.2138021457736931,
            0.16408338036036552,
            0.1425654812746459,
            0.10951510850592937,
            0.1151972887601686,
            0.09157452652014374,
            0.0853761764375461,
            0.08167353997736379,
            0.08049387047132667,
            0.07209041358629902,
            0.07612941331373943,
            0.060297490829673075,
            0.06179326461165324,
            0.05900452217881171,
            0.038960849916033574,
            0.03438714802617138,
            0.050023915285176294,
            0.040676902801266256,
            0.03893972994569346,
            0.03450216309560823,
            0.024328573922964114,
            0.03375775135816373,
            0.0395143217720998,
            0.05575662526469489,
            0.04577107227323127,
            0.01971304882553881,
            0.03130899547082016,
            0.054973966974635025,
            0.04151041119747364,
            0.03029861121212151,
            0.023766373485254483,
            0.042154538360451216,
            0.015220138034292943,
            0.021955783732552622,
            0.01744896882772936,
            0.014546837350272325,
            0.01823379077670577,
            0.01345473537676951,
            0.019503117901038425,
            0.04144191917533443,
            0.023677183901275437,
            0.02611422029796711,
            0.018161645634321412,
            0.02447376758117487,
            0.027873187852056672,
            0.014904017857192906,
            0.010919883082103288,
            0.015294258210217971,
            0.022613678526785478,
            0.04970105146417502,
            0.02420202078634721,
            0.01233699505088699,
            0.01916399485750664,
            0.02491917203619728,
            0.027080961017301956,
            0.012516105822841881,
            0.008291433589745824,
            0.020525536661339338,
            0.013168232961433036,
            0.019535767146829437,
            0.02583569682313292,
            0.027575247839300068,
            0.01946220522044365,
            0.018414428794037156,
            0.011800989919578564,
            0.013999745551819655,
            0.01924582613174549,
            0.011160757452316816,
            0.012651479705748099,
            0.04104603323700904,
            0.012422880554089922,
            0.014577051049366982,
            0.00983235174302615,
            0.020751814727804182,
            0.01634308441881528,
            0.012276861456666382,
            0.010834870904967228,
            0.018110078251797595,
            0.014041656933398608,
            0.007860000339216395,
            0.008264115130942072,
            0.013421060454126069,
            0.023969392112311697,
            0.011920445577889665,
            0.0077675190659306816,
            0.006792939115705831,
            0.008756008409748372,
            0.013077974481265771,
            0.01927561341062543,
            0.03173048817662163,
            0.013087819125396149,
            0.012936173690071707,
            0.005859362805554631,
            0.012039585951391752,
            0.011919539030589217,
            0.009728238739790838
        ]
    },
    "train_oa": {
        "type": "index_value",
        "index": [
            10,
            20,
            30,
            40,
            50,
            60,
            70,
            80,
            90,
            100
        ],
        "value": [
            87.2681116969342,
            64.96777973052139,
            80.64831087678188,
            48.70142550283148,
            64.5577035735208,
            78.44171060339778,
            94.51279047061121,
            56.5319273579379,
            67.81878539347784,
            82.24956063268893
        ]
    },
    "train_aa": {
        "type": "index_value",
        "index": [
            10,
            20,
            30,
            40,
            50,
            60,
            70,
            80,
            90,
            100
        ],
        "value": [
            85.10483665870908,
            63.38425499400948,
            85.9971243533153,
            60.66275884830905,
            57.45792590542522,
            82.94195862582015,
            95.11198654550783,
            64.22890458459236,
            83.1365465304505,
            89.5933656917617
        ]
    },
    "train_kappa": {
        "type": "index_value",
        "index": [
            10,
            20,
            30,
            40,
            50,
            60,
            70,
            80,
            90,
            100
        ],
        "value": [
            85.52766500805194,
            60.43142876105888,
            78.30279010918227,
            43.54321074902907,
            57.2493403615048,
            74.70074402916673,
            93.74616904228056,
            51.402062717104556,
            64.42220966981958,
            79.57632376556793
        ]
    },
    "max_oa": {
        "type": "index_value",
        "index": [
            10,
            20,
            30,
            40,
            50,
            60,
            70,
            80,
            90,
            100
        ],
        "value": [
            87.2681116969342,
            87.2681116969342,
            87.2681116969342,
            87.2681116969342,
            87.2681116969342,
            87.2681116969342,
            94.51279047061121,
            94.51279047061121,
            94.51279047061121,
            94.51279047061121
        ]
    },
    "eval_time": 1.0197522640228271,
    "param": {
        "data": {
            "data_sign": "Indian",
            "data_file": "Indian_0.5_pc",
            "patch_size": 17,
            "serve_patch_size": 13,
            "batch_size": 50,
            "num_classes": 16,
            "pca": -1,
            "dim_heads": 64,
            "spectral_size": 200,
            "random_rotate": true,
            "use_saved_pca": false,
            "noise_type": "clean"
        },
        "net": {
            "trainer": "CNN",
            "use_mask": false,
            "mlp_dim": 8,
            "depth": 2,