{
    "epoch_loss": {
        "type": "index_value",
        "index": [
            1,
            2,
            3,
            4,
            5,
            6,
            7,
            8,
            9,
            10,
            11,
            12,
            13,
            14,
            15,
            16,
            17,
            18,
            19,
            20,
            21,
            22,
            23,
            24,
            25,
            26,
            27,
            28,
            29,
            30,
            31,
            32,
            33,
            34,
            35,
            36,
            37,
            38,
            39,
            40,
            41,
            42,
            43,
            44,
            45,
            46,
            47,
            48,
            49,
            50,
            51,
            52,
            53,
            54,
            55,
            56,
            57,
            58,
            59,
            60,
            61,
            62,
            63,
            64,
            65,
            66,
            67,
            68,
            69,
            70,
            71,
            72,
            73,
            74,
            75,
            76,
            77,
            78,
            79,
            80,
            81,
            82,
            83,
            84,
            85,
            86,
            87,
            88,
            89,
            90,
            91,
            92,
            93,
            94,
            95,
            96,
            97,
            98,
            99,
            100
        ],
        "value": [
            0.7771761804214692,
            0.11577869949400332,
            0.05263471253530098,
            0.028086664088291236,
            0.036617668604917025,
            0.021892817125782116,
            0.026695102673349392,
            0.00885513242822309,
            0.011707471783509749,
            0.009170867554631298,
            0.032087649510775265,
            0.007130035652173175,
            0.0036558925145844727,
            0.0032138140805286477,
            0.005092219060015183,
            0.015041249504715332,
            0.00390576306694549,
            0.005360666563565147,
            0.002156845973089029,
            0.004848009989071672,
            0.0010278414811239057,
            0.0010847997905791109,
            0.0010961338280345634,
            0.0005521149617091675,
            0.0004088377426854261,
            0.007327297360972464,
            0.02442440456985358,
            0.013296500655281969,
            0.0028339118842767804,
            0.000943780498754948,
            0.00045428254686814677,
            0.004990745216450768,
            0.007135791261644101,
            0.004105086645217505,
            0.01943688673786703,
            0.007204374468172704,
            0.0020633329113479704,
            0.001050928135292805,
            0.00043058034214470825,
            0.0053696657757800765,
            0.0006242073111979991,
            0.0004015040775103925,
            0.0004260456531176739,
            0.0022066237540660123,
            0.0002652611069046339,
            0.00033698635277619465,
            0.005403831008646104,
            0.002892934604239263,
            0.0012339092380232914,
            0.00044081146628395203,
            0.00018381093780217,
            0.0001721407220805683,
            9.813075504011827e-05,
            0.00013428152537564697,
            6.143900524915517e-05,
            0.00013170743761872024,
            0.001668198886873199,
            0.00015251460760698935,
            0.00017886259340794736,
            0.015326145204140664,
            0.02665995204303149,
            0.009991365263141204,
            0.001946928068918695,
            0.003425815917529542,
            0.0066634204092271354,
            0.008060717921735018,
            0.0018670356346124656,
            0.0035568255546205648,
            0.002458834592378738,
            0.000835738325402874,
            0.00021916286624472606,
            0.00021303166232398542,
            0.000385731912562808,
            0.00013951934653517366,
            7.188615191763927e-05,
            5.3221648768910045e-05,
            4.708281648193189e-05,
            0.00013845023338706513,
            0.0001471742568530215,
            0.0012292131529155685,
            0.0008407539083658174,
            0.0006906334017631805,
            0.005741728760696785,
            0.0035716542718797544,
            0.019098188640986925,
            0.03171989498648391,
            0.00821936934653777,
            0.004229622338728897,
            0.001647738968013541,
            0.0007912980601727831,
            0.0009779291303573688,
            0.00011187625423417203,
            0.00010849352165876925,
            0.00011356968164220451,
            0.00013441095467986347,
            4.1832661208942954e-05,
            9.756820343344503e-05,
            5.446720546907257e-05,
            6.22311197861132e-05,
            2.7215865260197956e-05
        ]
    },
    "train_oa": {
        "type": "index_value",
        "index": [
            10,
            20,
            30,
            40,
            50,
            60,
            70,
            80,
            90,
            100
        ],
        "value": [
            99.82425307557118,
            99.88283538371412,
            99.78519820347589,
            99.82425307557118,
            99.82425307557118,
            99.27748486623706,
            99.86330794766647,
            99.92189025580942,
            99.80472563952353,
            99.92189025580942
        ]
    },
    "train_aa": {
        "type": "index_value",
        "index": [
            10,
            20,
            30,
            40,
            50,
            60,
            70,
            80,
            90,
            100
        ],
        "value": [
            99.52807494262045,
            99.40302345457644,
            99.5646457400448,
            99.46228977658278,
            99.72918729814847,
            98.56421071418697,
            99.85452463339337,
            99.57733106338398,
            99.43976850520013,
            99.57127643948296
        ]
    },
    "train_kappa": {
        "type": "index_value",
        "index": [
            10,
            20,
            30,
            40,
            50,
            60,
            70,
            80,
            90,
            100
        ],
        "value": [
            99.79963517943517,
            99.86640902672545,
            99.75509083977308,
            99.79962136354773,
            99.79963079793191,
            99.17677059038058,
            99.8441532695011,
            99.91094042373471,
            99.77734754535126,
            99.91094014881482
        ]
    },
    "max_oa": {
        "type": "index_value",
        "index": [
            10,
            20,
            30,
            40,
            50,
            60,
            70,
            80,
            90,
            100
        ],
        "value": [
            99.82425307557118,
            99.88283538371412,
            99.88283538371412,
            99.88283538371412,
            99.88283538371412,
            99.88283538371412,
            99.88283538371412,
            99.92189025580942,
            99.92189025580942,
            99.92189025580942
        ]
    },
    "eval_time": 0.46915292739868164,
    "param": {
        "data": {
            "data_sign": "Indian",
            "data_file": "Indian_0.5_pc",
            "diffusion_sign": false,
            "patch_size": 13,
            "test_ratio": 0.95,
            "batch_size": 64,
            "num_classes": 16,
            "pca": 30,
            "dim_heads": 64,
            "spectral_size": 30,
            "append_dim": true,
            "noise_type": "clean"
        },