{
    "epoch_loss": {
        "type": "index_value",
        "index": [
            1,
            2,
            3,
            4,
            5,
            6,
            7,
            8,
            9,
            10,
            11,
            12,
            13,
            14,
            15,
            16,
            17,
            18,
            19,
            20,
            21,
            22,
            23,
            24,
            25,
            26,
            27,
            28,
            29,
            30,
            31,
            32,
            33,
            34,
            35,
            36,
            37,
            38,
            39,
            40,
            41,
            42,
            43,
            44,
            45,
            46,
            47,
            48,
            49,
            50,
            51,
            52,
            53,
            54,
            55,
            56,
            57,
            58,
            59,
            60,
            61,
            62,
            63,
            64,
            65,
            66,
            67,
            68,
            69,
            70,
            71,
            72,
            73,
            74,
            75,
            76,
            77,
            78,
            79,
            80,
            81,
            82,
            83,
            84,
            85,
            86,
            87,
            88,
            89,
            90,
            91,
            92,
            93,
            94,
            95,
            96,
            97,
            98,
            99,
            100
        ],
        "value": [
            1.499355939360751,
            0.6840717506111134,
            0.44013972936108037,
            0.28198279419480915,
            0.22585546005627666,
            0.16522166988407022,
            0.15644086467308485,
            0.15064680873882752,
            0.1477325823210331,
            0.12023712845748746,
            0.1517589874275017,
            0.10196465869868601,
            0.1260570597118595,
            0.07547913810206278,
            0.09198532317432338,
            0.07064393808986764,
            0.06664059970196622,
            0.056900484722787616,
            0.08092448245530567,
            0.0728576443566361,
            0.06550943189229404,
            0.04431870618657835,
            0.054440142920999184,
            0.04822211993303202,
            0.06340169157489972,
            0.036940320082555135,
            0.04918757581417906,
            0.02726566560810516,
            0.035343863052576086,
            0.0896390443914766,
            0.05007322080282265,
            0.03295506939565103,
            0.06222700469149349,
            0.031857935775669984,
            0.0807876380250532,
            0.03731667220464642,
            0.028836936996479674,
            0.06764578184057696,
            0.06873712016853639,
            0.03918615855892623,
            0.05047861237751608,
            0.027635240956397026,
            0.031165421601855623,
            0.038292996751002145,
            0.05851314010537359,
            0.06027946590958817,
            0.03256085718431265,
            0.051148861338632896,
            0.02899797535363393,
            0.022877887985414815,
            0.025705331916137716,
            0.04575007930601396,
            0.02257152453832061,
            0.06083561946723651,
            0.030353318179220937,
            0.04231823131721031,
            0.023342337510178036,
            0.05240610534217726,
            0.044020010480968146,
            0.025694377142093296,
            0.021499103893941433,
            0.012053789720578518,
            0.015347458011007254,
            0.012025654836820785,
            0.052641494206898204,
            0.058172287256711176,
            0.10492410124301353,
            0.06771690409496868,
            0.02922462817287296,
            0.018628646285446034,
            0.018934183248410265,
            0.0674080706510966,
            0.01953153064337889,
            0.049634787612907044,
            0.029435816632115898,
            0.029596117750833074,
            0.0331654739849467,
            0.03809594897068049,
            0.02088539797286743,
            0.042998784365547986,
            0.03193214248325356,
            0.02949739306549107,
            0.019568678055557186,
            0.060587722938885556,
            0.03358137287931769,
            0.026112106429665768,
            0.02892087374606087,
            0.011081875792984936,
            0.015743048613899722,
            0.012226995860201753,
            0.018855169435814837,
            0.007812438273363617,
            0.010474740542746466,
            0.006753802539957992,
            0.008548478309868568,
            0.010025714587292367,
            0.023886256056507925,
            0.009891141267048773,
            0.010746635809720911,
            0.06474333665335141
        ]
    },
    "train_oa": {
        "type": "index_value",
        "index": [
            10,
            20,
            30,
            40,
            50,
            60,
            70,
            80,
            90,
            100
        ],
        "value": [
            73.63796133567662,
            73.05213825424721,
            60.82796328842023,
            90.66588556922476,
            95.19625073227886,
            93.41925405194299,
            78.79320445225542,
            43.018941612966216,
            80.78500292911541,
            73.2083577426284
        ]
    },
    "train_aa": {
        "type": "index_value",
        "index": [
            10,
            20,
            30,
            40,
            50,
            60,
            70,
            80,
            90,
            100
        ],
        "value": [
            59.9153575337388,
            68.56621713337749,
            67.25323102966317,
            91.4159158253512,
            93.94857139820462,
            97.11092621136363,
            91.34555388511096,
            55.68047676531209,
            90.90445468970272,
            81.78509671274176
        ]
    },
    "train_kappa": {
        "type": "index_value",
        "index": [
            10,
            20,
            30,
            40,
            50,
            60,
            70,
            80,
            90,
            100
        ],
        "value": [
            69.33320599399231,
            69.53474943047236,
            56.577109621269415,
            89.31028149096856,
            94.5167829143254,
            92.55694254204803,
            76.47647758155406,
            38.962091379926214,
            78.48987615550882,
            69.53634183339918
        ]
    },
    "max_oa": {
        "type": "index_value",
        "index": [
            10,
            20,
            30,
            40,
            50,
            60,
            70,
            80,
            90,
            100
        ],
        "value": [
            73.63796133567662,
            73.63796133567662,
            73.63796133567662,
            90.66588556922476,
            95.19625073227886,
            95.19625073227886,
            95.19625073227886,
            95.19625073227886,
            95.19625073227886,
            95.19625073227886
        ]
    },
    "eval_time": 0.743037223815918,
    "param": {
        "data": {
            "data_sign": "Indian",
            "data_file": "Indian_0.5_pc",
            "patch_size": 13,
            "serve_patch_size": 13,
            "batch_size": 64,
            "num_classes": 16,
            "pca": -1,
            "dim_heads": 64,
            "spectral_size": 200,
            "random_rotate": true,
            "use_saved_pca": false,
            "noise_type": "clean"
        },
        "net": {
            "trainer": "CNN",
            "use_mask": false,
            "mlp_dim": 8,
            "depth": 2,