{
    "epoch_loss": {
        "type": "index_value",
        "index": [
            1,
            2,
            3,
            4,
            5,
            6,
            7,
            8,
            9,
            10,
            11,
            12,
            13,
            14,
            15,
            16,
            17,
            18,
            19,
            20,
            21,
            22,
            23,
            24,
            25,
            26,
            27,
            28,
            29,
            30,
            31,
            32,
            33,
            34,
            35,
            36,
            37,
            38,
            39,
            40,
            41,
            42,
            43,
            44,
            45,
            46,
            47,
            48,
            49,
            50,
            51,
            52,
            53,
            54,
            55,
            56,
            57,
            58,
            59,
            60,
            61,
            62,
            63,
            64,
            65,
            66,
            67,
            68,
            69,
            70,
            71,
            72,
            73,
            74,
            75,
            76,
            77,
            78,
            79,
            80,
            81,
            82,
            83,
            84,
            85,
            86,
            87,
            88,
            89,
            90,
            91,
            92,
            93,
            94,
            95,
            96,
            97,
            98,
            99,
            100
        ],
        "value": [
            0.3317707466140954,
            0.05888242407710603,
            0.03193628130875704,
            0.023842857613011227,
            0.016395913180908998,
            0.01574450646751683,
            0.011814655384491784,
            0.010012481859305864,
            0.0090994901494335,
            0.00890559069682817,
            0.007998815319249255,
            0.006704550256024139,
            0.005944247476608613,
            0.005435663705004131,
            0.005449972807999736,
            0.004409747167512514,
            0.004406709951047114,
            0.0043792821364887395,
            0.0031134309190041743,
            0.004064727119629019,
            0.003941084774908214,
            0.0022300358388479707,
            0.002598455332049235,
            0.0027381614830895387,
            0.0031779863781346133,
            0.002218802669796031,
            0.0028565967491448498,
            0.0022577847858959743,
            0.0013637201491381035,
            0.002049324984491287,
            0.0024556902180826582,
            0.0008085343018113671,
            0.0027649757673111324,
            0.0009361615741886167,
            0.0022038525449091734,
            0.0015768616022985944,
            0.0013981227345607574,
            0.0006813647111660368,
            0.0015768244876906686,
            0.0009011570973323518,
            0.0011980232133138253,
            0.0013449704630566777,
            0.0010734528628329094,
            0.0011070766795262632,
            0.001077981536293041,
            0.00109087255485597,
            0.001254113154894822,
            0.0004106420932263347,
            0.001040802699964468,
            0.0009896150595314311,
            0.001271961106437743,
            0.00037562846489827664,
            0.0012242164269887844,
            0.000457060558088657,
            0.0009322106150634276,
            0.0008944501373875941,
            0.0002785760959535129,
            0.0007872817037235202,
            0.0006196410286808027,
            0.0006881738303464839,
            0.00010602887567236446,
            0.0016911890287531327,
            0.0008394499563992687,
            0.0005167616252601131,
            0.0007104610624024309,
            0.00043773112773980583,
            0.0007876242434818917,
            0.00033947801931043963,
            0.0008808292658899941,
            0.00043954482760389757,
            0.00013110462280851347,
            0.0009300180320984592,
            0.00038367623611860677,
            0.0007756324617288565,
            0.0009804128389905456,
            0.0006507215333573292,
            0.0004130065430325162,
            0.0003320229759478297,
            0.0008994469491874945,
            0.0005161943423313058,
            0.0004780139806562112,
            0.0006288812918029781,
            0.00010447204214746115,
            0.0008479378894945427,
            0.00018141389929871496,
            0.0004615239912955322,
            0.0005128821544016646,
            0.00011426225089264653,
            0.0006729301859529908,
            0.00020283342644054312,
            0.0009747871791212418,
            9.271136888318337e-05,
            0.0006176783264331485,
            0.0002068352747952001,
            0.0005402668734541288,
            0.00032611726308252756,
            2.875668324841762e-05,
            0.0008590931595160753,
            0.0006816953092182964,
            0.00013557169429311716
        ]
    },
    "train_oa": {
        "type": "index_value",
        "index": [
            10,
            20,
            30,
            40,
            50,
            60,
            70,
            80,
            90,
            100
        ],
        "value": [
            99.60358216895602,
            99.095591006155,
            99.96157739568632,
            99.56183453157674,
            99.94495223035828,
            99.97598587230395,
            99.97524697606715,
            99.95529677767351,
            99.97303028735675,
            99.97635532042236
        ]
    },
    "train_aa": {
        "type": "index_value",
        "index": [
            10,
            20,
            30,
            40,
            50,
            60,
            70,
            80,
            90,
            100
        ],
        "value": [
            98.95687441308539,
            98.20652259579322,
            99.95003965606178,
            99.5235778147169,
            99.77236324428578,
            99.93668665859269,
            99.93583311249355,
            99.92357702382147,
            99.9297549235856,
            99.9318248390612
        ]
    },
    "train_kappa": {
        "type": "index_value",
        "index": [
            10,
            20,
            30,
            40,
            50,
            60,
            70,
            80,
            90,
            100
        ],
        "value": [
            99.49909593172777,
            98.85711123708754,
            99.9514539533141,
            99.44647698540047,
            99.93044854038227,
            99.96965850023703,
            99.96872487874396,
            99.94351864472401,
            99.96592391988055,
            99.9701251161825
        ]
    },
    "max_oa": {
        "type": "index_value",
        "index": [
            10,
            20,
            30,
            40,
            50,
            60,
            70,
            80,
            90,
            100
        ],
        "value": [
            99.60358216895602,
            99.60358216895602,
            99.96157739568632,
            99.96157739568632,
            99.96157739568632,
            99.97598587230395,
            99.97598587230395,
            99.97598587230395,
            99.97598587230395,
            99.97635532042236
        ]
    },
    "eval_time": 95.47134280204773,
    "param": {
        "data": {
            "data_sign": "WH",
            "data_file": "WH_0.3_pc",
            "diffusion_sign": false,
            "patch_size": 13,
            "test_ratio": 0.95,
            "batch_size": 64,
            "unlabelled_multiple": 1,
            "num_classes": 22,
            "pca": -1,
            "dim_heads": 64,
            "spectral_size": 270,
            "perclass": 10,
            "sample": 2,