{
    "epoch_loss": {
        "type": "index_value",
        "index": [
            1,
            2,
            3,
            4,
            5,
            6,
            7,
            8,
            9,
            10,
            11,
            12,
            13,
            14,
            15,
            16,
            17,
            18,
            19,
            20,
            21,
            22,
            23,
            24,
            25,
            26,
            27,
            28,
            29,
            30,
            31,
            32,
            33,
            34,
            35,
            36,
            37,
            38,
            39,
            40,
            41,
            42,
            43,
            44,
            45,
            46,
            47,
            48,
            49,
            50,
            51,
            52,
            53,
            54,
            55,
            56,
            57,
            58,
            59,
            60
        ],
        "value": [
            0.28000373269348827,
            0.07905194162456902,
            0.053129839941066855,
            0.04233423972144477,
            0.035293687416198524,
            0.03016591565730685,
            0.025930978142073513,
            0.023941867497009602,
            0.02285934608994401,
            0.02150473825649203,
            0.01813793732943334,
            0.01939930701274425,
            0.01715700273886553,
            0.016911524488519965,
            0.01662632610943299,
            0.014693949232964484,
            0.013846094799171087,
            0.014188565215470766,
            0.013789135755773584,
            0.012939073442443277,
            0.011999466700841234,
            0.012801651074785024,
            0.011438235454542707,
            0.010884594531891759,
            0.011774294510982278,
            0.010164252234508692,
            0.010564143139324874,
            0.010663898818088578,
            0.010772710151610064,
            0.01005638645093877,
            0.010380974272673668,
            0.008948017007486056,
            0.0098457420918916,
            0.008861289861473356,
            0.009034908994614867,
            0.008271706937955103,
            0.009724002135424488,
            0.008205471022070546,
            0.008101149102287075,
            0.009382667212884808,
            0.007502228921473414,
            0.008118827782769043,
            0.007926088246730002,
            0.007542996282571006,
            0.007764753507520781,
            0.007730366353429391,
            0.00730738656281159,
            0.00723391367875031,
            0.00642833182277244,
            0.007245968230481467,
            0.00717061259874919,
            0.006218277227174294,
            0.006270404889569893,
            0.0072166358888763405,
            0.005985471360797702,
            0.006201840656052203,
            0.007087824536356984,
            0.007085575282420575,
            0.006433581963588625,
            0.005717327768098046
        ]
    },
    "train_oa": {
        "type": "index_value",
        "index": [
            10,
            20,
            30,
            40,
            50,
            60
        ],
        "value": [
            99.78978402062998,
            99.6963136466746,
            99.85960971500772,
            99.82340379940446,
            99.86589033302053,
            99.86662922925733
        ]
    },
    "train_aa": {
        "type": "index_value",
        "index": [
            10,
            20,
            30,
            40,
            50,
            60
        ],
        "value": [
            99.41608058748471,
            98.7700272377721,
            99.54118860374336,
            99.51851205922033,
            99.62584539731402,
            99.6693703807821
        ]
    },
    "train_kappa": {
        "type": "index_value",
        "index": [
            10,
            20,
            30,
            40,
            50,
            60
        ],
        "value": [
            99.73440790512133,
            99.61625660682873,
            99.82260041012614,
            99.77686831421943,
            99.8305454631731,
            99.83148142737123
        ]
    },
    "max_oa": {
        "type": "index_value",
        "index": [
            10,
            20,
            30,
            40,
            50,
            60
        ],
        "value": [
            99.78978402062998,
            99.78978402062998,
            99.85960971500772,
            99.85960971500772,
            99.86589033302053,
            99.86662922925733
        ]
    },
    "eval_time": 1872.2286901474,
    "param": {
        "data": {
            "data_sign": "WH",
            "data_file": "WH_0.3_pc",
            "patch_size": 21,
            "serve_patch_size": 21,
            "batch_size": 32,
            "num_classes": 22,
            "pca": -1,
            "dim_heads": 64,
            "append_dim": false,
            "spectral_size": 270,
            "random_rotate": true,
            "noise_type": "clean"
        },
        "net": {
            "trainer": "transformer",
            "use_mask": true,
            "mlp_head_dim": 64,
            "depth": 3,
            "dim": 64,
            "heads": 20,
            "kernal": 3,
            "padding": 1
        },
        "train": {
            "epochs": 60,
            "lr": 0.001,
            "weight_decay": 0
        },
        "uniq_name": "wh_0.3trans",
        "train_sign": "train",
        "path_model_save": "./save_models/wh_0.3trans",
        "path_res": "./res_indian_0114/wh_0.3trans_01142334",
        "path_pic": "./res_indian_0114/wh_0.3trans_01142334.png"
    },
    "eval": {
        "classification": "              precision    recall  f1-score   support\n\n           0     1.0000    0.9948    0.9974      9828\n           1     0.9713    0.9910    0.9811      2458\n           2     0.9983    0.9984    0.9983     15274\n           3     1.0000    1.0000    1.0000    114299\n           4     1.0000    1.0000    1.0000      4352\n           5     0.9979    1.0000    0.9990     31189\n           6     0.9948    0.9988    0.9968     16872\n           7     1.0000    1.0000    1.0000      2837\n           8     0.9999    0.9996    0.9997      7573\n           9     0.9979    0.9990    0.9984      8675\n          10     0.9982    0.9978    0.9980      7710\n          11     0.9986    0.9984    0.9985      6267\n          12     0.9990    0.9968    0.9979     15754\n          13     0.9980    0.9930    0.9955      5149\n          14     0.9886    0.9914    0.9900       701\n          15     1.0000    0.9986    0.9993      5083\n          16     0.9972    1.0000    0.9986      2107\n          17     0.9987    0.9929    0.9958      2251\n          18     0.9993    0.9959    0.9976      6098\n          19     1.0000    0.9959    0.9979      2440\n          20     0.9978    0.9989    0.9984       929\n          21     1.0000    0.9873    0.9936      2828\n\n    accuracy                         0.9987    270674\n   macro avg     0.9971    0.9967    0.9969    270674\nweighted avg     0.9987    0.9987    0.9987    270674\n",
        "oa": 99.87180150291495,