{
    "epoch_loss": {
        "type": "index_value",
        "index": [
            1,
            2,
            3,
            4,
            5,
            6,
            7,
            8,
            9,
            10,
            11,
            12,
            13,
            14,
            15,
            16,
            17,
            18,
            19,
            20,
            21,
            22,
            23,
            24,
            25,
            26,
            27,
            28,
            29,
            30,
            31,
            32,
            33,
            34,
            35,
            36,
            37,
            38,
            39,
            40,
            41,
            42,
            43,
            44,
            45,
            46,
            47,
            48,
            49,
            50,
            51,
            52,
            53,
            54,
            55,
            56,
            57,
            58,
            59,
            60
        ],
        "value": [
            0.31479648540936367,
            0.10983011969008806,
            0.07445581710856021,
            0.05800363433322577,
            0.04804122102056969,
            0.042326937228550444,
            0.036651615841761125,
            0.03396783929484211,
            0.030382504503691142,
            0.028486145965325668,
            0.025548459354624613,
            0.023095498846263295,
            0.02430649158341148,
            0.023195992815576917,
            0.02211230321108535,
            0.01969033418447934,
            0.019169522603331924,
            0.019519256967181323,
            0.017375110084985875,
            0.016985362074689474,
            0.01619158494003565,
            0.017802789969225394,
            0.01503744197066699,
            0.01578630639965368,
            0.015402085649398614,
            0.01439216797955498,
            0.013773214309503186,
            0.01347463374610657,
            0.01407984519027785,
            0.014223362957758954,
            0.01308841371760946,
            0.012225630643903291,
            0.013007620959506822,
            0.012369873909791542,
            0.011978946674149405,
            0.011826309826452365,
            0.011842279072023537,
            0.011653813901272328,
            0.011551917944620875,
            0.00998441615981634,
            0.010627173565041555,
            0.010172311129764747,
            0.010325319547629875,
            0.010053565337311969,
            0.009672682063075692,
            0.010334254445516906,
            0.01022778737891573,
            0.010128983863562206,
            0.009803527468487129,
            0.009369479641483642,
            0.009010350643261679,
            0.009602360807512192,
            0.009593908317045515,
            0.009205745779408065,
            0.008796448002100716,
            0.008833371624469037,
            0.008830342361610951,
            0.009345575990569049,
            0.007872875161617837,
            0.009156099755003753
        ]
    },
    "train_oa": {
        "type": "index_value",
        "index": [
            10,
            20,
            30,
            40,
            50,
            60
        ],
        "value": [
            99.16541670053275,
            99.67377731145216,
            99.67710234451775,
            99.6412658770329,
            99.83227055424607,
            99.9009879042686
        ]
    },
    "train_aa": {
        "type": "index_value",
        "index": [
            10,
            20,
            30,
            40,
            50,
            60
        ],
        "value": [
            98.6104648732718,
            99.23455235014742,
            99.19733842971162,
            99.00094182019437,
            99.58120070771304,
            99.79723637860609
        ]
    },
    "train_kappa": {
        "type": "index_value",
        "index": [
            10,
            20,
            30,
            40,
            50,
            60
        ],
        "value": [
            98.94578480881495,
            99.5878081663482,
            99.59206686915026,
            99.54672274241092,
            99.78807264477976,
            99.87490477413897
        ]
    },
    "max_oa": {
        "type": "index_value",
        "index": [
            10,
            20,
            30,
            40,
            50,
            60
        ],
        "value": [
            99.16541670053275,
            99.67377731145216,
            99.67710234451775,
            99.67710234451775,
            99.83227055424607,
            99.9009879042686
        ]
    },
    "eval_time": 156.9237916469574,
    "param": {
        "data": {
            "data_sign": "WH",
            "data_file": "WH_0.3_pc",
            "patch_size": 21,
            "serve_patch_size": 21,
            "batch_size": 32,
            "num_classes": 22,
            "pca": -1,
            "dim_heads": 64,
            "append_dim": false,
            "spectral_size": 270,
            "random_rotate": true,
            "noise_type": "clean"
        },
        "net": {
            "trainer": "CNN",
            "use_mask": true,
            "mlp_head_dim": 64,
            "depth": 3,
            "dim": 64,
            "heads": 20,
            "kernal": 3,
            "padding": 1
        },
        "train": {
            "epochs": 60,
            "lr": 0.001,
            "weight_decay": 0
        },
        "uniq_name": "wh_0.3CNN",
        "train_sign": "train",
        "path_model_save": "./save_models/wh_0.3CNN",
        "path_res": "./res_indian_0114/wh_0.3CNN_01150346",
        "path_pic": "./res_indian_0114/wh_0.3CNN_01150346.png"
    },
    "eval": {
        "classification": "              precision    recall  f1-score   support\n\n           0     0.9997    0.9984    0.9990      9828\n           1     0.9886    0.9902    0.9894      2458\n           2     0.9981    0.9993    0.9987     15274\n           3     1.0000    0.9999    0.9999    114299\n           4     0.9975    1.0000    0.9987      4352\n           5     0.9997    0.9995    0.9996     31189\n           6     0.9991    0.9960    0.9976     16872\n           7     1.0000    0.9996    0.9998      2837\n           8     0.9996    1.0000    0.9998      7573\n           9     0.9986    0.9956    0.9971      8675\n          10     0.9983    0.9973    0.9978      7710\n          11     0.9976    0.9989    0.9982      6267\n          12     0.9980    0.9989    0.9984     15754\n          13     0.9906    0.9992    0.9949      5149\n          14     0.9957    0.9886    0.9921       701\n          15     1.0000    1.0000    1.0000      5083\n          16     0.9995    1.0000    0.9998      2107\n          17     0.9960    0.9978    0.9969      2251\n          18     0.9980    0.9970    0.9975      6098\n          19     0.9935    1.0000    0.9967      2440\n          20     1.0000    1.0000    1.0000       929\n          21     0.9968    0.9989    0.9979      2828\n\n    accuracy                         0.9990    270674\n   macro avg     0.9975    0.9980    0.9977    270674\nweighted avg     0.9990    0.9990    0.9990    270674\n",
        "oa": 99.9002490080318,