{
    "epoch_loss": {
        "type": "index_value",
        "index": [
            1,
            2,
            3,
            4,
            5,
            6,
            7,
            8,
            9,
            10,
            11,
            12,
            13,
            14,
            15,
            16,
            17,
            18,
            19,
            20,
            21,
            22,
            23,
            24,
            25,
            26,
            27,
            28,
            29,
            30,
            31,
            32,
            33,
            34,
            35,
            36,
            37,
            38,
            39,
            40,
            41,
            42,
            43,
            44,
            45,
            46,
            47,
            48,
            49,
            50,
            51,
            52,
            53,
            54,
            55,
            56,
            57,
            58,
            59,
            60,
            61,
            62,
            63,
            64,
            65,
            66,
            67,
            68,
            69,
            70,
            71,
            72,
            73,
            74,
            75,
            76,
            77,
            78,
            79,
            80,
            81,
            82,
            83,
            84,
            85,
            86,
            87,
            88,
            89,
            90,
            91,
            92,
            93,
            94,
            95,
            96,
            97,
            98,
            99,
            100
        ],
        "value": [
            1.5292260739710424,
            0.7518971817834037,
            0.5052498692041868,
            0.37365557063709604,
            0.26457815092879455,
            0.2203696768005173,
            0.19644770126838187,
            0.15275359173099717,
            0.1131584980464601,
            0.08476169248680016,
            0.141243084084678,
            0.07200762209567156,
            0.14629390115861768,
            0.0788944270510178,
            0.12496000458667805,
            0.07531745372848077,
            0.057947793254604585,
            0.06805437725859803,
            0.0549981142309579,
            0.08045883677996599,
            0.04874791312333825,
            0.031378616828036,
            0.02452247434041717,
            0.13321569589051332,
            0.07336269296802483,
            0.038996999125395504,
            0.03991844875665454,
            0.062023145057164226,
            0.09692840357492497,
            0.05499991550073995,
            0.03746652942295972,
            0.013737606811155746,
            0.0472314899811497,
            0.01734818374955809,
            0.013191278436063946,
            0.06299606995149092,
            0.07208590821012274,
            0.030791294608603824,
            0.05354888635602864,
            0.03874994594265114,
            0.05830250238733632,
            0.03984901331752152,
            0.023760440655342944,
            0.03047746288311946,
            0.05074632495351426,
            0.03355899851817589,
            0.03158141524809135,
            0.022203148550704703,
            0.00986458185528006,
            0.0041835064171244956,
            0.004716256734394989,
            0.002998291938747098,
            0.005233883269300515,
            0.004971650069240819,
            0.005125888394548667,
            0.00600930639881302,
            0.08582259238540352,
            0.03584020266720614,
            0.027342952567745337,
            0.020940986044656534,
            0.0625302688932264,
            0.03602659336303349,
            0.02061047003023907,
            0.008479984362258927,
            0.007652451393085641,
            0.005280026719095064,
            0.005691579101583013,
            0.007954225269775208,
            0.019609828743261178,
            0.1188555537009394,
            0.04751118738204241,
            0.0484901474667834,
            0.018560451290920956,
            0.035014564858435036,
            0.0314113356608462,
            0.0518811569875711,
            0.021134614293741714,
            0.013478379535138026,
            0.006784152884229824,
            0.010748998023714726,
            0.015568722857996918,
            0.01401396802469314,
            0.009918016968778783,
            0.07649754554807366,
            0.03657742902491387,
            0.011818381914167436,
            0.06446979378483125,
            0.011559530819294514,
            0.00744543242111028,
            0.005231402831019035,
            0.01011093293147331,
            0.015259691436061418,
            0.0055586371068878995,
            0.005264365879286613,
            0.016536540374788758,
            0.0054392618378140516,
            0.0109745370871206,
            0.007269705037961339,
            0.07365725084643375,
            0.010771227231273403
        ]
    },
    "train_oa": {
        "type": "index_value",
        "index": [
            10,
            20,
            30,
            40,
            50,
            60,
            70,
            80,
            90,
            100
        ],
        "value": [
            95.3131538568838,
            92.13279397405496,
            97.51708745989677,
            98.96777793276608,
            99.69312316920073,
            98.71669688938485,
            94.36462547077696,
            99.19096108243828,
            99.46994001952852,
            99.40019528525596
        ]
    },
    "train_aa": {
        "type": "index_value",
        "index": [
            10,
            20,
            30,
            40,
            50,
            60,
            70,
            80,
            90,
            100
        ],
        "value": [
            88.73000260357817,
            94.25745303362606,
            95.70065089769335,
            96.96942742168132,
            98.5095306753318,
            97.23642513448655,
            95.96072878705388,
            99.43441001700464,
            98.29180064908613,
            99.04261542897375
        ]
    },
    "train_kappa": {
        "type": "index_value",
        "index": [
            10,
            20,
            30,
            40,
            50,
            60,
            70,
            80,
            90,
            100
        ],
        "value": [
            94.64375163839959,
            91.04795144405759,
            97.16237305631988,
            98.82282827253589,
            99.65014714879509,
            98.53641876262913,
            93.53579802186593,
            99.07712413020255,
            99.39546304135337,
            99.31585662566027
        ]
    },
    "max_oa": {
        "type": "index_value",
        "index": [
            10,
            20,
            30,
            40,
            50,
            60,
            70,
            80,
            90,
            100
        ],
        "value": [
            95.3131538568838,
            95.3131538568838,
            97.51708745989677,
            98.96777793276608,
            99.69312316920073,
            99.69312316920073,
            99.69312316920073,
            99.69312316920073,
            99.69312316920073,
            99.69312316920073
        ]
    },
    "eval_time": 1.264498233795166,
    "param": {
        "data": {
            "data_sign": "Indian",
            "data_file": "Indian_0.3_pc",
            "patch_size": 13,
            "serve_patch_size": 9,
            "batch_size": 64,
            "num_classes": 16,
            "pca": -1,
            "dim_heads": 64,
            "spectral_size": 200,
            "random_rotate": true,
            "use_saved_pca": false,
            "noise_type": "clean"
        },
        "net": {
            "trainer": "transformer",
            "use_mask": true,
            "mlp_dim": 8,
            "depth": 2,
            "dim": 64,