{
    "epoch_loss": {
        "type": "index_value",
        "index": [
            1,
            2,
            3,
            4,
            5,
            6,
            7,
            8,
            9,
            10,
            11,
            12,
            13,
            14,
            15,
            16,
            17,
            18,
            19,
            20,
            21,
            22,
            23,
            24,
            25,
            26,
            27,
            28,
            29,
            30,
            31,
            32,
            33,
            34,
            35,
            36,
            37,
            38,
            39,
            40,
            41,
            42,
            43,
            44,
            45,
            46,
            47,
            48,
            49,
            50,
            51,
            52,
            53,
            54,
            55,
            56,
            57,
            58,
            59,
            60,
            61,
            62,
            63,
            64,
            65,
            66,
            67,
            68,
            69,
            70,
            71,
            72,
            73,
            74,
            75,
            76,
            77,
            78,
            79,
            80,
            81,
            82,
            83,
            84,
            85,
            86,
            87,
            88,
            89,
            90,
            91,
            92,
            93,
            94,
            95,
            96,
            97,
            98,
            99,
            100
        ],
        "value": [
            1.5948196173294327,
            0.9090351032224595,
            0.6100165090131644,
            0.4743836861167221,
            0.3327087662443337,
            0.2385725646667237,
            0.19693546704132192,
            0.19410262546545107,
            0.1314809988740007,
            0.1071326329180214,
            0.12704119604724456,
            0.14624860819673885,
            0.10036402210194409,
            0.08484040194909358,
            0.07732953978861046,
            0.08247546313325999,
            0.044409981516808486,
            0.04468263170144854,
            0.1544044055352826,
            0.06262699240895664,
            0.08405388322479823,
            0.08065178106446046,
            0.05586906891959717,
            0.043849590427974136,
            0.09016162653038971,
            0.032895035842329334,
            0.081078653544677,
            0.029301237494406038,
            0.0537148603340135,
            0.038929813095978,
            0.02917857994563388,
            0.028977191440960497,
            0.019739750124641,
            0.008582010596011677,
            0.025215946395321775,
            0.033686192166921286,
            0.023316711955987043,
            0.0705259602145267,
            0.05341192067684628,
            0.12306880281191238,
            0.0571474263412819,
            0.06329779959852533,
            0.02622569673479401,
            0.012792265467762657,
            0.01777431515845359,
            0.015003269392353484,
            0.038791047221552716,
            0.017687986178409734,
            0.011438291604175185,
            0.005400518906232504,
            0.007924602588597875,
            0.0757391299064432,
            0.030607015967659128,
            0.08233815185054956,
            0.08343250577467201,
            0.05113690240249726,
            0.0750516190073496,
            0.0393472939077085,
            0.022541118063680702,
            0.00921856584412628,
            0.00576784681447231,
            0.018690879356542064,
            0.040499845785236126,
            0.01822434154003768,
            0.007084375972788183,
            0.008483131054036518,
            0.01594453840686457,
            0.01972162078640032,
            0.0111563934145808,
            0.005421971907519674,
            0.0053985357919023565,
            0.07120609187369219,
            0.02727836949247731,
            0.011491141459222547,
            0.10837479609352539,
            0.08989470627186072,
            0.06625093581322626,
            0.11370006060078196,
            0.06349200260465163,
            0.03280453632320583,
            0.016589548296483184,
            0.010787265906404985,
            0.010423681691035157,
            0.020945410035922218,
            0.011955008726712053,
            0.00933464999670965,
            0.006616483457894076,
            0.003565023869158215,
            0.003197675617071834,
            0.011628267274140732,
            0.07450846520291048,
            0.02260958954075537,
            0.06182444717762244,
            0.04473045502320258,
            0.016167152586898374,
            0.007052296322120077,
            0.015136065770738243,
            0.016764789286756166,
            0.021909415413718443,
            0.02270441931783428
        ]
    },
    "train_oa": {
        "type": "index_value",
        "index": [
            10,
            20,
            30,
            40,
            50,
            60,
            70,
            80,
            90,
            100
        ],
        "value": [
            95.99707102758116,
            95.850622406639,
            98.7551867219917,
            94.65462533561141,
            99.48742982670247,
            99.42640956797658,
            99.56065413717354,
            97.71784232365145,
            99.35318525750549,
            99.38979741274103
        ]
    },
    "train_aa": {
        "type": "index_value",
        "index": [
            10,
            20,
            30,
            40,
            50,
            60,
            70,
            80,
            90,
            100
        ],
        "value": [
            84.31512836349732,
            89.1592868683678,
            98.0929087187011,
            88.02114051506491,
            99.37265668466439,
            99.37132290243309,
            99.41524970134357,
            98.3228955170819,
            99.38328518618597,
            98.64774986393259
        ]
    },
    "train_kappa": {
        "type": "index_value",
        "index": [
            10,
            20,
            30,
            40,
            50,
            60,
            70,
            80,
            90,
            100
        ],
        "value": [
            95.42931006923622,
            95.26183572079185,
            98.58093276672606,
            93.88347921664499,
            99.41544349013603,
            99.34620381848696,
            99.49904577478912,
            97.40298929156249,
            99.26268667805172,
            99.30451204305216
        ]
    },
    "max_oa": {
        "type": "index_value",
        "index": [
            10,
            20,
            30,
            40,
            50,
            60,
            70,
            80,
            90,
            100
        ],
        "value": [
            95.99707102758116,
            95.99707102758116,
            98.7551867219917,
            98.7551867219917,
            99.48742982670247,
            99.48742982670247,
            99.56065413717354,
            99.56065413717354,
            99.56065413717354,
            99.56065413717354
        ]
    },
    "eval_time": 7.4305806159973145,
    "param": {
        "data": {
            "data_sign": "Indian",
            "data_file": "Indian_0.2_pc",
            "patch_size": 25,
            "serve_patch_size": 21,
            "batch_size": 64,
            "num_classes": 16,
            "pca": -1,
            "dim_heads": 64,
            "spectral_size": 200,
            "random_rotate": true,
            "use_saved_pca": false,
            "noise_type": "clean"
        },
        "net": {
            "trainer": "transformer",
            "use_mask": true,
            "mlp_dim": 8,
            "depth": 2,
            "dim": 64,