{
    "epoch_loss": {
        "type": "index_value",
        "index": [
            1,
            2,
            3,
            4,
            5,
            6,
            7,
            8,
            9,
            10,
            11,
            12,
            13,
            14,
            15,
            16,
            17,
            18,
            19,
            20,
            21,
            22,
            23,
            24,
            25,
            26,
            27,
            28,
            29,
            30,
            31,
            32,
            33,
            34,
            35,
            36,
            37,
            38,
            39,
            40,
            41,
            42,
            43,
            44,
            45,
            46,
            47,
            48,
            49,
            50,
            51,
            52,
            53,
            54,
            55,
            56,
            57,
            58,
            59,
            60,
            61,
            62,
            63,
            64,
            65,
            66,
            67,
            68,
            69,
            70,
            71,
            72,
            73,
            74,
            75,
            76,
            77,
            78,
            79,
            80,
            81,
            82,
            83,
            84,
            85,
            86,
            87,
            88,
            89,
            90,
            91,
            92,
            93,
            94,
            95,
            96,
            97,
            98,
            99,
            100
        ],
        "value": [
            1.6042341446354442,
            1.0026722492092717,
            0.6121613627222623,
            0.3843862442784646,
            0.20190753730109137,
            0.1615511822502906,
            0.09416976006035387,
            0.051559952184231615,
            0.056235594790057256,
            0.07118699217437248,
            0.03796496075575768,
            0.031066353477700783,
            0.027564747185602676,
            0.03198108573890588,
            0.01291067113651194,
            0.010708109987333164,
            0.01723350101216286,
            0.021912438203773286,
            0.017060210430709113,
            0.043627961418634495,
            0.0457792293307555,
            0.030289222785881257,
            0.02208696102718947,
            0.025062828166568945,
            0.011173244598129007,
            0.0073185551818120325,
            0.0067255582558467,
            0.009696999915542393,
            0.011585815660564859,
            0.006850981211103952,
            0.002897440645064243,
            0.002461037352633574,
            0.002105219207744855,
            0.0013799604506587605,
            0.0010531655861712864,
            0.000933414851734528,
            0.0010856103677746734,
            0.0009644255275473253,
            0.0006657515756713358,
            0.005069326012595863,
            0.0020508774184242883,
            0.0005729161170068386,
            0.0006965345573903871,
            0.005238374858333246,
            0.010267084088276193,
            0.08241911107026167,
            0.04349901771893466,
            0.01066369614099354,
            0.004421324778230376,
            0.004946371224208071,
            0.003424237411550797,
            0.015493804281645448,
            0.037539512662493474,
            0.009552535924090666,
            0.015379914727431344,
            0.0028385500729519084,
            0.004960037632380814,
            0.0012084720422878609,
            0.002107147694312698,
            0.0005660186554282596,
            0.000562537939459371,
            0.0009929968474416964,
            0.0006348147814121287,
            0.0003861850261554539,
            0.00040976631444076715,
            0.0006177866445070273,
            0.010199377811668213,
            0.007677841666007274,
            0.0016384273983873518,
            0.008527712854658708,
            0.001693351397295358,
            0.010671760334798708,
            0.004399426079778921,
            0.011960435462968284,
            0.01087806161465871,
            0.006246972116222492,
            0.008404429757700204,
            0.004220671998903409,
            0.002394356285050509,
            0.003671213211127729,
            0.0012966085248003621,
            0.0011725908757975992,
            0.000533417904938723,
            0.00041961781448319807,
            0.0003247107878506383,
            0.00027178967362519017,
            0.00024201010265772813,
            0.00015345059166415402,
            0.00026075802198888786,
            0.00012054537716684206,
            0.00010135412359793745,
            0.00010836609311225097,
            0.000250546200507674,
            0.00012133997480833849,
            0.0001255193832013167,
            0.00027569039266470396,
            9.31963256567064e-05,
            0.00010625571888444352,
            0.00010618269960441312,
            8.767425810432157e-05
        ]
    },
    "train_oa": {
        "type": "index_value",
        "index": [
            10,
            20,
            30,
            40,
            50,
            60,
            70,
            80,
            90,
            100
        ],
        "value": [
            87.75933609958506,
            76.37295582133268,
            98.9382474981694,
            98.76739077373688,
            98.02294361728093,
            99.08469611911156,
            89.50451549914573,
            96.13131559677814,
            99.12130827434709,
            99.30436905052477
        ]
    },
    "train_aa": {
        "type": "index_value",
        "index": [
            10,
            20,
            30,
            40,
            50,
            60,
            70,
            80,
            90,
            100
        ],
        "value": [
            93.01433381099137,
            82.46425986444082,
            97.54067647019752,
            97.88395512270111,
            96.60486369407552,
            98.66817482851731,
            81.86680645300632,
            96.56817424229436,
            99.1568913469426,
            99.31176692373747
        ]
    },
    "train_kappa": {
        "type": "index_value",
        "index": [
            10,
            20,
            30,
            40,
            50,
            60,
            70,
            80,
            90,
            100
        ],
        "value": [
            86.23753685631571,
            73.86616261172183,
            98.79022192874851,
            98.59343191165138,
            97.74584961659704,
            98.95642569986171,
            88.11304539642813,
            95.59940071161176,
            98.99852190791042,
            99.20697914317012
        ]
    },
    "max_oa": {
        "type": "index_value",
        "index": [
            10,
            20,
            30,
            40,
            50,
            60,
            70,
            80,
            90,
            100
        ],
        "value": [
            87.75933609958506,
            87.75933609958506,
            98.9382474981694,
            98.9382474981694,
            98.9382474981694,
            99.08469611911156,
            99.08469611911156,
            99.08469611911156,
            99.12130827434709,
            99.30436905052477
        ]
    },
    "eval_time": 1.198472261428833,
    "param": {
        "data": {
            "data_sign": "Indian",
            "data_file": "Indian_0.2_pc",
            "diffusion_sign": false,
            "patch_size": 13,
            "test_ratio": 0.95,
            "batch_size": 64,
            "num_classes": 16,
            "pca": -1,
            "dim_heads": 64,
            "spectral_size": 200,
            "append_dim": true,
            "noise_type": "clean"
        },
        "net": {
            "trainer": "ssftt",