{
    "epoch_loss": {
        "type": "index_value",
        "index": [
            1,
            2,
            3,
            4,
            5,
            6,
            7,
            8,
            9,
            10,
            11,
            12,
            13,
            14,
            15,
            16,
            17,
            18,
            19,
            20,
            21,
            22,
            23,
            24,
            25,
            26,
            27,
            28,
            29,
            30,
            31,
            32,
            33,
            34,
            35,
            36,
            37,
            38,
            39,
            40,
            41,
            42,
            43,
            44,
            45,
            46,
            47,
            48,
            49,
            50,
            51,
            52,
            53,
            54,
            55,
            56,
            57,
            58,
            59,
            60,
            61,
            62,
            63,
            64,
            65,
            66,
            67,
            68,
            69,
            70,
            71,
            72,
            73,
            74,
            75,
            76,
            77,
            78,
            79,
            80,
            81,
            82,
            83,
            84,
            85,
            86,
            87,
            88,
            89,
            90,
            91,
            92,
            93,
            94,
            95,
            96,
            97,
            98,
            99,
            100
        ],
        "value": [
            1.1756123064400315,
            0.24730935687949132,
            0.09348379605776304,
            0.06252168529219441,
            0.05741790578543366,
            0.039707986875013875,
            0.03504595258212709,
            0.0209799645879826,
            0.039428509959297905,
            0.015539093867137834,
            0.009205152234667308,
            0.010991259894103973,
            0.009061248036851356,
            0.005676170128893543,
            0.008002247335842823,
            0.005821959243168111,
            0.0035083378731672254,
            0.0034554014968165717,
            0.0023007369391595967,
            0.0038572699139983236,
            0.002840519132842491,
            0.0011985810803152718,
            0.004811200006659348,
            0.04441609658155735,
            0.012918196294786312,
            0.008685877212843338,
            0.010117869275658355,
            0.0027727044254009215,
            0.00270450710554837,
            0.0021628984650778403,
            0.0006158119694982933,
            0.0007040795522391215,
            0.008558529649268497,
            0.0020867294018072162,
            0.0011515058335914675,
            0.0010845584149303084,
            0.0007138741967667426,
            0.0007823594663271004,
            0.000843621064929969,
            0.002075504059994037,
            0.003270075608320026,
            0.0009010295073695287,
            0.0012213368293853453,
            0.0005768998342342433,
            0.0003308448970753264,
            0.0002868229225837299,
            0.0002251545614759474,
            0.001172572605360251,
            0.027634118893486145,
            0.009360679893530663,
            0.00752609598030058,
            0.004517802192871882,
            0.004623916777237863,
            0.03483775926681308,
            0.011890402820880537,
            0.004853429631088171,
            0.0013916574033769453,
            0.0008305908508852802,
            0.0004927728251802021,
            0.00032710138392368597,
            0.0003623235095730777,
            0.00017825000917133814,
            0.00019393513958474814,
            0.0001373862426341723,
            0.00016890285111806512,
            0.0004267310780641629,
            0.00016399271366286224,
            0.00012749284022040182,
            0.00018772800628197162,
            0.00017601492188798335,
            0.0001319986091308332,
            0.00016393314898860726,
            0.0001389066059157092,
            9.358310896235023e-05,
            8.330227822850023e-05,
            0.00016770372883486258,
            0.0017995598650380196,
            0.0018834118564445344,
            0.0008358216405862809,
            0.00035662871708733624,
            0.005804717610816943,
            0.000804245866812061,
            0.0008481848882951595,
            0.03838537711402184,
            0.009309368564931725,
            0.02116114541740072,
            0.0035334079773747364,
            0.000698512201779522,
            0.0002842430809441676,
            0.00013299316130790183,
            0.00012896172157560577,
            0.00019023115958341144,
            8.408564744613968e-05,
            9.858310257588126e-05,
            9.500654325472772e-05,
            6.78244145328554e-05,
            0.00012590928231297945,
            0.001068245674605941,
            0.02300413346580266,
            0.005863842630816333
        ]
    },
    "train_oa": {
        "type": "index_value",
        "index": [
            10,
            20,
            30,
            40,
            50,
            60,
            70,
            80,
            90,
            100
        ],
        "value": [
            99.35834844469242,
            99.60942948807366,
            99.58153159436462,
            99.37229739154694,
            99.31650160412889,
            99.53968475380108,
            99.56758264751011,
            99.48388896638303,
            99.41414423211047,
            99.20491002929279
        ]
    },
    "train_aa": {
        "type": "index_value",
        "index": [
            10,
            20,
            30,
            40,
            50,
            60,
            70,
            80,
            90,
            100
        ],
        "value": [
            96.35058399323624,
            97.46667653728257,
            98.64214206324525,
            97.8148367990582,
            97.31255740851455,
            98.54672798482149,
            99.04960350329813,
            98.02212615769797,
            97.44297577700542,
            96.76266585392503
        ]
    },
    "train_kappa": {
        "type": "index_value",
        "index": [
            10,
            20,
            30,
            40,
            50,
            60,
            70,
            80,
            90,
            100
        ],
        "value": [
            99.26821163851811,
            99.55464960438245,
            99.52292259653707,
            99.28424581111686,
            99.2208750594162,
            99.47519264420967,
            99.50702092406574,
            99.41163249186603,
            99.33208828675826,
            99.09357320101843
        ]
    },
    "max_oa": {
        "type": "index_value",
        "index": [
            10,
            20,
            30,
            40,
            50,
            60,
            70,
            80,
            90,
            100
        ],
        "value": [
            99.35834844469242,
            99.60942948807366,
            99.60942948807366,
            99.60942948807366,
            99.60942948807366,
            99.60942948807366,
            99.60942948807366,
            99.60942948807366,
            99.60942948807366,
            99.60942948807366
        ]
    },
    "eval_time": 0.655850887298584,
    "param": {
        "data": {
            "data_sign": "Indian",
            "data_file": "Indian_0.3_pc",
            "diffusion_sign": false,
            "patch_size": 13,
            "test_ratio": 0.95,
            "batch_size": 64,
            "num_classes": 16,
            "pca": 30,
            "dim_heads": 64,
            "spectral_size": 30,
            "append_dim": true,
            "noise_type": "clean"
        },