{
    "epoch_loss": {
        "type": "index_value",
        "index": [
            1,
            2,
            3,
            4,
            5,
            6,
            7,
            8,
            9,
            10,
            11,
            12,
            13,
            14,
            15,
            16,
            17,
            18,
            19,
            20,
            21,
            22,
            23,
            24,
            25,
            26,
            27,
            28,
            29,
            30,
            31,
            32,
            33,
            34,
            35,
            36,
            37,
            38,
            39,
            40,
            41,
            42,
            43,
            44,
            45,
            46,
            47,
            48,
            49,
            50,
            51,
            52,
            53,
            54,
            55,
            56,
            57,
            58,
            59,
            60,
            61,
            62,
            63,
            64,
            65,
            66,
            67,
            68,
            69,
            70,
            71,
            72,
            73,
            74,
            75,
            76,
            77,
            78,
            79,
            80,
            81,
            82,
            83,
            84,
            85,
            86,
            87,
            88,
            89,
            90,
            91,
            92,
            93,
            94,
            95,
            96,
            97,
            98,
            99,
            100
        ],
        "value": [
            1.7303111429052052,
            1.0206080643800053,
            0.7408377547043663,
            0.5534014713155092,
            0.45152070048081616,
            0.3295952706441392,
            0.3213733699562486,
            0.275391065349254,
            0.26598415025249306,
            0.2356727683341126,
            0.2188172567789862,
            0.22260467100462483,
            0.11627261046945614,
            0.1665973472479196,
            0.1629115192269467,
            0.11182047485435095,
            0.1198634407816142,
            0.14993036418355585,
            0.13899450632777527,
            0.14663632438130622,
            0.11349292214044399,
            0.0720366129003592,
            0.0629676467383285,
            0.04758499251302432,
            0.05928283884142437,
            0.05406465731253009,
            0.15457502823966554,
            0.2026990334718622,
            0.08320925503407227,
            0.08339381831405807,
            0.06101167021169715,
            0.06479388057750507,
            0.1965723747754619,
            0.20024811863319136,
            0.1190194223919054,
            0.1338224137206437,
            0.08068082470383377,
            0.07720961894142077,
            0.14803267255461708,
            0.07440424328012768,
            0.13526702334701,
            0.11007383523051176,
            0.0564015287226134,
            0.04638418429089289,
            0.15126073534471274,
            0.08006838658720328,
            0.13425193406786506,
            0.06265229132488696,
            0.04844743861769238,
            0.0690736971487384,
            0.04513743163841049,
            0.038530877602361416,
            0.06177072011641342,
            0.04926290652939003,
            0.03189453726629851,
            0.0347081382054192,
            0.07361797488808922,
            0.056742759751849364,
            0.040955638363413566,
            0.027717336678736982,
            0.1470518863730477,
            0.04245901737189931,
            0.09315570690771088,
            0.0562815236204152,
            0.08393370922555164,
            0.05211577092063978,
            0.04134520770225067,
            0.034414529437856375,
            0.052157078346196754,
            0.07575501048361878,
            0.04854963940099208,
            0.03947642332281682,
            0.032021675498163614,
            0.026716924504061976,
            0.019088769463001958,
            0.027966060204807568,
            0.032127724874338674,
            0.026457367032548806,
            0.029522845105533182,
            0.05552668732448216,
            0.03861194538664064,
            0.09407019181439875,
            0.03329908317385509,
            0.02460727513996644,
            0.026296837131182353,
            0.0955196907630512,
            0.02365365768907424,
            0.015268484782880747,
            0.025043256457559674,
            0.04536871922059651,
            0.030291237955835906,
            0.0827032302241147,
            0.04129770813632185,
            0.043320805557670386,
            0.042454498832243205,
            0.025282203005468178,
            0.053566861555542244,
            0.02724432148528795,
            0.015522154349915303,
            0.040387949627572604
        ]
    },
    "train_oa": {
        "type": "index_value",
        "index": [
            10,
            20,
            30,
            40,
            50,
            60,
            70,
            80,
            90,
            100
        ],
        "value": [
            69.80717598242616,
            83.60995850622407,
            73.19990236758603,
            73.84671711008055,
            97.60800585794483,
            96.37539663168172,
            87.55186721991701,
            70.30754210397852,
            76.08005857944838,
            54.60092750793263
        ]
    },
    "train_aa": {
        "type": "index_value",
        "index": [
            10,
            20,
            30,
            40,
            50,
            60,
            70,
            80,
            90,
            100
        ],
        "value": [
            58.116593013848195,
            72.8082027802302,
            82.4667577961354,
            71.48959175445765,
            92.26019258713266,
            92.97801032259655,
            87.80982962988037,
            83.82328903772363,
            87.9495584305874,
            68.26086327917795
        ]
    },
    "train_kappa": {
        "type": "index_value",
        "index": [
            10,
            20,
            30,
            40,
            50,
            60,
            70,
            80,
            90,
            100
        ],
        "value": [
            64.16164343123239,
            81.30810461659944,
            70.40188881556901,
            70.36922729520916,
            97.27716718401412,
            95.8616652113619,
            85.54375012129206,
            67.01613358610152,
            73.45450986675009,
            50.48391910135606
        ]
    },
    "max_oa": {
        "type": "index_value",
        "index": [
            10,
            20,
            30,
            40,
            50,
            60,
            70,
            80,
            90,
            100
        ],
        "value": [
            69.80717598242616,
            83.60995850622407,
            83.60995850622407,
            83.60995850622407,
            97.60800585794483,
            97.60800585794483,
            97.60800585794483,
            97.60800585794483,
            97.60800585794483,
            97.60800585794483
        ]
    },
    "eval_time": 6.409775495529175,
    "param": {
        "data": {
            "data_sign": "Indian",
            "data_file": "Indian_0.2_pc",
            "patch_size": 25,
            "serve_patch_size": 21,
            "batch_size": 64,
            "num_classes": 16,
            "pca": -1,
            "dim_heads": 64,
            "spectral_size": 200,
            "random_rotate": true,
            "use_saved_pca": false,
            "noise_type": "clean"
        },
        "net": {
            "trainer": "transformer_origin",
            "use_mask": true,
            "mlp_dim": 8,
            "depth": 2,
            "dim": 64,