{
    "epoch_loss": {
        "type": "index_value",
        "index": [
            1,
            2,
            3,
            4,
            5,
            6,
            7,
            8,
            9,
            10,
            11,
            12,
            13,
            14,
            15,
            16,
            17,
            18,
            19,
            20,
            21,
            22,
            23,
            24,
            25,
            26,
            27,
            28,
            29,
            30,
            31,
            32,
            33,
            34,
            35,
            36,
            37,
            38,
            39,
            40,
            41,
            42,
            43,
            44,
            45,
            46,
            47,
            48,
            49,
            50,
            51,
            52,
            53,
            54,
            55,
            56,
            57,
            58,
            59,
            60,
            61,
            62,
            63,
            64,
            65,
            66,
            67,
            68,
            69,
            70,
            71,
            72,
            73,
            74,
            75,
            76,
            77,
            78,
            79,
            80,
            81,
            82,
            83,
            84,
            85,
            86,
            87,
            88,
            89,
            90,
            91,
            92,
            93,
            94,
            95,
            96,
            97,
            98,
            99,
            100
        ],
        "value": [
            1.5837975782779592,
            0.5580209295607541,
            0.22531311050818784,
            0.12699428136911414,
            0.0795913606954607,
            0.061474360326200794,
            0.04909651365013308,
            0.0353256106363052,
            0.01878980363553748,
            0.011453292376549865,
            0.012583515085189302,
            0.014997769127216943,
            0.0630275917024218,
            0.05705968328636058,
            0.015492948939584177,
            0.008663544261832598,
            0.011636439614777437,
            0.014906911504819735,
            0.01621089968513108,
            0.030767519119447164,
            0.009308317468168526,
            0.0036997536725280784,
            0.0031514809333204933,
            0.017569160063007797,
            0.006725104265549467,
            0.004090921186962122,
            0.0023369811874091482,
            0.002095572861084837,
            0.0011409912021590482,
            0.0008316311611648912,
            0.0009491094389908841,
            0.0009828662801162314,
            0.000990175835248944,
            0.0006252607343142847,
            0.0005601882526691812,
            0.0006035862517726683,
            0.0015270907894103197,
            0.0014085874220621467,
            0.0006378333647667437,
            0.0005226439434537605,
            0.00034157807398882043,
            0.0003633057778058778,
            0.00038958464204186434,
            0.0003340961070846848,
            0.00031765899847549387,
            0.0007054837924765916,
            0.00790669175211585,
            0.0035887735639755455,
            0.005996082544127375,
            0.007457413213042012,
            0.004459961373562904,
            0.004578287690796339,
            0.0009140486736077172,
            0.0006709134997006896,
            0.0008334152715466463,
            0.008077292179648024,
            0.05164801987871492,
            0.018678609486170783,
            0.005052788492174334,
            0.004495121113142484,
            0.004421303671424406,
            0.06182037351591798,
            0.012751185321169757,
            0.01505538609928005,
            0.002141019720085636,
            0.004386894679526343,
            0.003188429242838401,
            0.0020120196792363914,
            0.000667138516799821,
            0.00046251693923465923,
            0.0006929427315827987,
            0.000793610000869581,
            0.0007077922891537091,
            0.0005572598203413365,
            0.000349617036005115,
            0.00022428855016700687,
            0.00042209756702814625,
            0.0005181488204917955,
            0.0004670090114212325,
            0.00028501559205244495,
            0.00023380982283946952,
            0.0002070304382492736,
            0.0004888149905143138,
            0.01505747116017869,
            0.02442524653435696,
            0.01717390507876583,
            0.03418028065980097,
            0.005899223751658143,
            0.0036687234307269945,
            0.0014635213648497042,
            0.0022052035553702617,
            0.018481219261476813,
            0.0032819195165595724,
            0.0018768323770069365,
            0.01699088086927006,
            0.009798195222143419,
            0.011546093637011538,
            0.0028215769205045256,
            0.0010801782160816112,
            0.0018287275417043925
        ]
    },
    "train_oa": {
        "type": "index_value",
        "index": [
            10,
            20,
            30,
            40,
            50,
            60,
            70,
            80,
            90,
            100
        ],
        "value": [
            98.76739077373688,
            98.57212594581401,
            99.20673663656333,
            99.1701244813278,
            98.59653404930438,
            98.69416646326582,
            98.85281913595314,
            98.91383939467903,
            98.86502318769831,
            99.14571637783745
        ]
    },
    "train_aa": {
        "type": "index_value",
        "index": [
            10,
            20,
            30,
            40,
            50,
            60,
            70,
            80,
            90,
            100
        ],
        "value": [
            98.46974056773229,
            98.517202676655,
            99.13922058770505,
            98.95383638567465,
            98.72738905385319,
            97.49967118711298,
            97.75331664064124,
            97.64778820312378,
            97.86734565481714,
            98.19547777650199
        ]
    },
    "train_kappa": {
        "type": "index_value",
        "index": [
            10,
            20,
            30,
            40,
            50,
            60,
            70,
            80,
            90,
            100
        ],
        "value": [
            98.5953023010799,
            98.37241238154849,
            99.09572777767694,
            99.0540248687394,
            98.40016018941304,
            98.51094802840788,
            98.69205763052504,
            98.76157488149589,
            98.70572544803507,
            99.02592326622985
        ]
    },
    "max_oa": {
        "type": "index_value",
        "index": [
            10,
            20,
            30,
            40,
            50,
            60,
            70,
            80,
            90,
            100
        ],
        "value": [
            98.76739077373688,
            98.76739077373688,
            99.20673663656333,
            99.20673663656333,
            99.20673663656333,
            99.20673663656333,
            99.20673663656333,
            99.20673663656333,
            99.20673663656333,
            99.20673663656333
        ]
    },
    "eval_time": 0.7639894485473633,
    "param": {
        "data": {
            "data_sign": "Indian",
            "data_file": "Indian_0.2_pc",
            "diffusion_sign": false,
            "patch_size": 13,
            "test_ratio": 0.95,
            "batch_size": 64,
            "num_classes": 16,
            "pca": 30,
            "dim_heads": 64,
            "spectral_size": 30,
            "append_dim": true,
            "noise_type": "clean"
        },
        "net": {
            "trainer": "ssftt",