{
    "train_oa": {
        "type": "index_value",
        "index": [
            1,
            2,
            3,
            4,
            5,
            6,
            7,
            8,
            9,
            10
        ],
        "value": [
            93.43790910791098,
            94.52730503085843,
            95.07434075182346,
            95.4998129792407,
            95.69852253600149,
            95.8341125864971,
            95.94632504207968,
            96.00710678885356,
            96.102954927997,
            96.14269683934917
        ]
    },
    "train_aa": {
        "type": "index_value",
        "index": [
            1,
            2,
            3,
            4,
            5,
            6,
            7,
            8,
            9,
            10
        ],
        "value": [
            92.52948092310876,
            92.70153627054951,
            92.90220915284776,
            93.03841607791564,
            93.06591432115671,
            93.06112995535769,
            93.08920544768297,
            93.0773040269432,
            93.17189386793773,
            93.22380245985865
        ]
    },
    "train_kappa": {
        "type": "index_value",
        "index": [
            1,
            2,
            3,
            4,
            5,
            6,
            7,
            8,
            9,
            10
        ],
        "value": [
            91.40552039911847,
            92.79796842884048,
            93.50205882732739,
            94.0526544100882,
            94.30911242175031,
            94.48478158270265,
            94.63106191598949,
            94.70967345169808,
            94.83486921255981,
            94.88609676152618
        ]
    },
    "eval_time": 120.36345601081848,
    "param": {
        "data": {
            "data_sign": "Pavia",
            "data_file": "Pavia_0.2_pc",
            "patch_size": 15,
            "serve_patch_size": 15,
            "batch_size": 64,
            "num_classes": 9,
            "pca": -1,
            "dim_heads": 64,
            "spectral_size": 103,
            "random_rotate": true,
            "noise_type": "stripes"
        },
        "net": {
            "trainer": "transformer",
            "use_mask": false,
            "net_type": "just_pixel",
            "mlp_head_dim": 64,
            "depth": 2,
            "dim": 64,
            "heads": 20,
            "mask_pct": 50
        },
        "train": {
            "epochs": 50,
            "lr": 0.001,
            "weight_decay": 0,
            "temp": 20
        },
        "uniq_name": "pavia_0.2trans-ori-epoch10_split",
        "model_name": "pavia_0.2trans_split",
        "train_sign": "tent",
        "path_model_save": "./save_models/pavia_0.2trans_split",
        "path_res": "./res_pavia_0115/pavia_0.2trans-ori-epoch10_split_tent_stripes_01151739",
        "path_pic": "./res_pavia_0115/pavia_0.2trans-ori-epoch10_split_tent_stripes_01151739.png"
    },
    "eval": {
        "classification": "              precision    recall  f1-score   support\n\n           0     0.8747    0.9998    0.9331      6631\n           1     0.9910    0.9771    0.9840     18649\n           2     0.9787    0.7680    0.8607      2099\n           3     0.9935    0.9915    0.9925      3064\n           4     1.0000    0.9993    0.9996      1345\n           5     0.9233    0.9716    0.9468      5029\n           6     0.9980    0.7511    0.8571      1330\n           7     0.9810    0.9381    0.9590      3682\n           8     0.9958    0.9937    0.9947       947\n\n    accuracy                         0.9614     42776\n   macro avg     0.9707    0.9322    0.9475     42776\nweighted avg     0.9643    0.9614    0.9609     42776\n",
        "oa": 96.14269683934917,
        "confusion": "[[ 6630     0     0     0     0     0     0     1     0]\n [    0 18222     0    18     0   406     0     3     0]\n [  422     0  1612     0     0     0     2    63     0]\n [    1    22     0  3038     0     0     0     0     3]\n [    0     0     0     0  1344     0     0     0     1]\n [    0   143     0     0     0  4886     0     0     0]\n [  331     0     0     0     0     0   999     0     0]\n [  193     1    32     2     0     0     0  3454     0]\n [    3     0     3     0     0     0     0     0   941]]",
        "each_acc": "[99.98491932 97.71033299 76.79847546 99.15143603 99.92565056 97.15649234\n 75.11278195 93.8077132  99.36642027]",
        "aa": 93.22380245985865,
        "kappa": 94.88609676152618
    }
}