{
    "train_oa": {
        "type": "index_value",
        "index": [
            1,
            2,
            3,
            4,
            5,
            6,
            7,
            8,
            9,
            10
        ],
        "value": [
            81.40078548718907,
            81.50130914531513,
            81.66495230970638,
            81.63456143631943,
            81.65326351224986,
            81.69534318309333,
            81.65326351224986,
            81.66027679072377,
            81.6813166261455,
            81.71170749953245
        ]
    },
    "train_aa": {
        "type": "index_value",
        "index": [
            1,
            2,
            3,
            4,
            5,
            6,
            7,
            8,
            9,
            10
        ],
        "value": [
            71.25704469902554,
            70.96898255795506,
            70.92823004689852,
            70.69721574825661,
            70.58659709779158,
            70.56513102278743,
            70.41426191121514,
            70.35045855359648,
            70.35153650926918,
            70.34191233364251
        ]
    },
    "train_kappa": {
        "type": "index_value",
        "index": [
            1,
            2,
            3,
            4,
            5,
            6,
            7,
            8,
            9,
            10
        ],
        "value": [
            74.47694391993204,
            74.50586580780376,
            74.67143100093563,
            74.56010795527396,
            74.54992915891548,
            74.56546321654511,
            74.49201714134136,
            74.46759394095135,
            74.47679050709988,
            74.50500896034032
        ]
    },
    "eval_time": 120.50269818305969,
    "param": {
        "data": {
            "data_sign": "Pavia",
            "data_file": "Pavia_0.2_pc",
            "patch_size": 15,
            "serve_patch_size": 15,
            "batch_size": 64,
            "num_classes": 9,
            "pca": -1,
            "dim_heads": 64,
            "spectral_size": 103,
            "random_rotate": true,
            "noise_type": "additive"
        },
        "net": {
            "trainer": "transformer",
            "use_mask": false,
            "net_type": "just_pixel",
            "mlp_head_dim": 64,
            "depth": 2,
            "dim": 64,
            "heads": 20,
            "mask_pct": 50
        },
        "train": {
            "epochs": 50,
            "lr": 0.001,
            "weight_decay": 0,
            "temp": 20
        },
        "uniq_name": "pavia_0.2trans-ori-epoch10_split",
        "model_name": "pavia_0.2trans_split",
        "train_sign": "tent",
        "path_model_save": "./save_models/pavia_0.2trans_split",
        "path_res": "./res_pavia_0115/pavia_0.2trans-ori-epoch10_split_tent_additive_01151734",
        "path_pic": "./res_pavia_0115/pavia_0.2trans-ori-epoch10_split_tent_additive_01151734.png"
    },
    "eval": {
        "classification": "              precision    recall  f1-score   support\n\n           0     0.7713    0.9775    0.8623      6631\n           1     0.8060    0.9918    0.8893     18649\n           2     0.9878    0.3468    0.5134      2099\n           3     0.8899    0.9896    0.9371      3064\n           4     0.9993    1.0000    0.9996      1345\n           5     0.9607    0.0583    0.1099      5029\n           6     1.0000    0.0045    0.0090      1330\n           7     0.7765    0.9919    0.8711      3682\n           8     1.0000    0.9704    0.9850       947\n\n    accuracy                         0.8171     42776\n   macro avg     0.9102    0.7034    0.6863     42776\nweighted avg     0.8476    0.8171    0.7551     42776\n",
        "oa": 81.71170749953245,
        "confusion": "[[ 6482     6     0     3     0     0     0   140     0]\n [   14 18496     0   122     0    12     0     5     0]\n [  521    47   728     1     0     0     0   802     0]\n [    0    31     0  3032     0     0     0     1     0]\n [    0     0     0     0  1345     0     0     0     0]\n [   38  4342     9   245     1   293     0   101     0]\n [ 1324     0     0     0     0     0     6     0     0]\n [   13    13     0     4     0     0     0  3652     0]\n [   12    14     0     0     0     0     0     2   919]]",
        "each_acc": "[ 97.75297843  99.17958067  34.68318247  98.95561358 100.\n   5.82620799   0.45112782  99.18522542  97.04329461]",
        "aa": 70.34191233364251,
        "kappa": 74.50500896034032
    }
}