{
    "train_oa": {
        "type": "index_value",
        "index": [
            1,
            2,
            3,
            4,
            5,
            6,
            7,
            8,
            9,
            10
        ],
        "value": [
            81.42182532261081,
            81.59481952496726,
            81.64625023377596,
            81.73274733495418,
            81.63222367682813,
            81.6813166261455,
            81.72807181597157,
            81.65560127174116,
            81.67196558818029,
            81.6766411071629
        ]
    },
    "train_aa": {
        "type": "index_value",
        "index": [
            1,
            2,
            3,
            4,
            5,
            6,
            7,
            8,
            9,
            10
        ],
        "value": [
            71.25486358756565,
            71.10647193298185,
            70.91092485272017,
            70.77345119641606,
            70.54917575195209,
            70.53856271487615,
            70.5122991223757,
            70.40277264710953,
            70.32909488142529,
            70.23234614543807
        ]
    },
    "train_kappa": {
        "type": "index_value",
        "index": [
            1,
            2,
            3,
            4,
            5,
            6,
            7,
            8,
            9,
            10
        ],
        "value": [
            74.50466904231583,
            74.64767513934653,
            74.6402313483335,
            74.70034704706589,
            74.5128935731418,
            74.54510594558015,
            74.58799140175849,
            74.4697685360248,
            74.46517342894433,
            74.45156488873192
        ]
    },
    "eval_time": 121.4293372631073,
    "param": {
        "data": {
            "data_sign": "Pavia",
            "data_file": "Pavia_0.2_pc",
            "patch_size": 15,
            "serve_patch_size": 15,
            "batch_size": 64,
            "num_classes": 9,
            "pca": -1,
            "dim_heads": 64,
            "spectral_size": 103,
            "random_rotate": true,
            "noise_type": "additive"
        },
        "net": {
            "trainer": "transformer",
            "use_mask": false,
            "net_type": "just_pixel",
            "mlp_head_dim": 64,
            "depth": 2,
            "dim": 64,
            "heads": 20,
            "mask_pct": 50
        },
        "train": {
            "epochs": 50,
            "lr": 0.001,
            "weight_decay": 0,
            "temp": 20
        },
        "uniq_name": "pavia_0.2trans-ori-epoch10_split",
        "model_name": "pavia_0.2trans_split",
        "train_sign": "tent",
        "path_model_save": "./save_models/pavia_0.2trans_split",
        "path_res": "./res_pavia_0115/pavia_0.2trans-ori-epoch10_split_tent_additive_01151724",
        "path_pic": "./res_pavia_0115/pavia_0.2trans-ori-epoch10_split_tent_additive_01151724.png"
    },
    "eval": {
        "classification": "              precision    recall  f1-score   support\n\n           0     0.7712    0.9775    0.8622      6631\n           1     0.8057    0.9921    0.8892     18649\n           2     0.9796    0.3430    0.5081      2099\n           3     0.8918    0.9876    0.9373      3064\n           4     0.9993    1.0000    0.9996      1345\n           5     0.9608    0.0585    0.1102      5029\n           6     1.0000    0.0053    0.0105      1330\n           7     0.7752    0.9908    0.8698      3682\n           8     1.0000    0.9662    0.9828       947\n\n    accuracy                         0.8168     42776\n   macro avg     0.9093    0.7023    0.6855     42776\nweighted avg     0.8471    0.8168    0.7547     42776\n",
        "oa": 81.6766411071629,
        "confusion": "[[ 6482     5     0     3     0     0     0   141     0]\n [   19 18501     0   112     0    12     0     5     0]\n [  518    53   720     1     0     0     0   807     0]\n [    0    38     0  3026     0     0     0     0     0]\n [    0     0     0     0  1345     0     0     0     0]\n [   36  4335    13   247     1   294     0   103     0]\n [ 1322     0     1     0     0     0     7     0     0]\n [   13    16     1     4     0     0     0  3648     0]\n [   15    15     0     0     0     0     0     2   915]]",
        "each_acc": "[ 97.75297843  99.20639176  34.30204859  98.75979112 100.\n   5.84609266   0.52631579  99.07658881  96.62090813]",
        "aa": 70.23234614543807,
        "kappa": 74.45156488873192
    }
}