{
    "train_oa": {
        "type": "index_value",
        "index": [
            1,
            2,
            3,
            4,
            5,
            6,
            7,
            8,
            9,
            10
        ],
        "value": [
            69.28184028427155,
            71.58219562371423,
            72.24611931924444,
            72.5523658126052,
            72.60847204039649,
            72.44716663549654,
            72.32794090144006,
            72.19235085094445,
            72.10819150925752,
            72.09650271180101
        ]
    },
    "train_aa": {
        "type": "index_value",
        "index": [
            1,
            2,
            3,
            4,
            5,
            6,
            7,
            8,
            9,
            10
        ],
        "value": [
            56.42284245363931,
            54.820703627438924,
            53.24544832490925,
            52.20285711571253,
            51.32128637974166,
            50.43466253760223,
            49.82863536979878,
            49.21087851340103,
            48.83313248612791,
            48.59821906716009
        ]
    },
    "train_kappa": {
        "type": "index_value",
        "index": [
            1,
            2,
            3,
            4,
            5,
            6,
            7,
            8,
            9,
            10
        ],
        "value": [
            59.479349699106756,
            61.328810367763076,
            61.60333380089757,
            61.63573564932211,
            61.4565703298771,
            61.05607173624548,
            60.75891169237085,
            60.479520082522775,
            60.29680938627398,
            60.227649588101826
        ]
    },
    "eval_time": 120.39520215988159,
    "param": {
        "data": {
            "data_sign": "Pavia",
            "data_file": "Pavia_0.2_pc",
            "patch_size": 15,
            "serve_patch_size": 15,
            "batch_size": 64,
            "num_classes": 9,
            "pca": -1,
            "dim_heads": 64,
            "spectral_size": 103,
            "random_rotate": true,
            "noise_type": "zmguass"
        },
        "net": {
            "trainer": "transformer",
            "use_mask": false,
            "net_type": "just_pixel",
            "mlp_head_dim": 64,
            "depth": 2,
            "dim": 64,
            "heads": 20,
            "mask_pct": 50
        },
        "train": {
            "epochs": 50,
            "lr": 0.001,
            "weight_decay": 0,
            "temp": 20
        },
        "uniq_name": "pavia_0.2trans-ori-epoch10_split",
        "model_name": "pavia_0.2trans_split",
        "train_sign": "tent",
        "path_model_save": "./save_models/pavia_0.2trans_split",
        "path_res": "./res_pavia_0115/pavia_0.2trans-ori-epoch10_split_tent_zmguass_01151732",
        "path_pic": "./res_pavia_0115/pavia_0.2trans-ori-epoch10_split_tent_zmguass_01151732.png"
    },
    "eval": {
        "classification": "              precision    recall  f1-score   support\n\n           0     0.5805    0.9250    0.7133      6631\n           1     0.7501    0.9725    0.8470     18649\n           2     0.9032    0.0133    0.0263      2099\n           3     0.9375    0.9151    0.9262      3064\n           4     0.9920    0.8342    0.9063      1345\n           5     0.9273    0.0101    0.0201      5029\n           6     0.0000    0.0000    0.0000      1330\n           7     0.6699    0.6939    0.6817      3682\n           8     1.0000    0.0095    0.0188       947\n\n    accuracy                         0.7210     42776\n   macro avg     0.7512    0.4860    0.4600     42776\nweighted avg     0.7485    0.7210    0.6374     42776\n",
        "oa": 72.09650271180101,
        "confusion": "[[ 6134   154     1     0     0     0     0   342     0]\n [  281 18137     0   173     0     3     0    55     0]\n [  759   551    28     0     0     1     0   760     0]\n [   32   212     0  2804     0     0     0    16     0]\n [  219     4     0     0  1122     0     0     0     0]\n [  377  4494     1    12     8    51     0    86     0]\n [ 1317    13     0     0     0     0     0     0     0]\n [  511   613     1     2     0     0     0  2555     0]\n [  937     0     0     0     1     0     0     0     9]]",
        "each_acc": "[92.50490122 97.25454448  1.33396856 91.51436031 83.42007435  1.01411811\n  0.         69.39163498  0.95036959]",
        "aa": 48.59821906716009,
        "kappa": 60.227649588101826
    }
}