{
    "train_oa": {
        "type": "index_value",
        "index": [
            1,
            2,
            3,
            4,
            5,
            6,
            7,
            8,
            9,
            10
        ],
        "value": [
            53.714699831681315,
            53.5019637179727,
            53.38507574340752,
            53.27286328782495,
            53.13493547783804,
            53.01103422479895,
            53.076491490555455,
            53.03441181971199,
            53.02739854123808,
            52.915186085655506
        ]
    },
    "train_aa": {
        "type": "index_value",
        "index": [
            1,
            2,
            3,
            4,
            5,
            6,
            7,
            8,
            9,
            10
        ],
        "value": [
            38.4039991508707,
            37.9496103108112,
            37.823086768757925,
            37.57353928259846,
            37.24724185941998,
            36.952267230041414,
            37.071792960575,
            37.03110193557511,
            36.98033135113572,
            36.77146513469263
        ]
    },
    "train_kappa": {
        "type": "index_value",
        "index": [
            1,
            2,
            3,
            4,
            5,
            6,
            7,
            8,
            9,
            10
        ],
        "value": [
            28.345186002434243,
            27.803502518354296,
            27.447322900839445,
            27.14488116517284,
            26.80818731822403,
            26.491034083065802,
            26.544572469191852,
            26.465727966659113,
            26.367411337596646,
            26.129757862755632
        ]
    },
    "eval_time": 125.5497817993164,
    "param": {
        "data": {
            "data_sign": "Pavia",
            "data_file": "Pavia_0.2_pc",
            "patch_size": 15,
            "serve_patch_size": 15,
            "batch_size": 64,
            "num_classes": 9,
            "pca": -1,
            "dim_heads": 64,
            "spectral_size": 103,
            "random_rotate": true,
            "noise_type": "kernal"
        },
        "net": {
            "trainer": "transformer",
            "use_mask": false,
            "net_type": "just_pixel",
            "mlp_head_dim": 64,
            "depth": 2,
            "dim": 64,
            "heads": 20,
            "mask_pct": 50
        },
        "train": {
            "epochs": 50,
            "lr": 0.001,
            "weight_decay": 0,
            "temp": 20
        },
        "uniq_name": "pavia_0.2trans-ori-epoch10_split",
        "model_name": "pavia_0.2trans_split",
        "train_sign": "tent",
        "path_model_save": "./save_models/pavia_0.2trans_split",
        "path_res": "./res_pavia_0115/pavia_0.2trans-ori-epoch10_split_tent_kernal_01151728",
        "path_pic": "./res_pavia_0115/pavia_0.2trans-ori-epoch10_split_tent_kernal_01151728.png"
    },
    "eval": {
        "classification": "              precision    recall  f1-score   support\n\n           0     0.9006    0.0232    0.0453      6631\n           1     0.5381    1.0000    0.6997     18649\n           2     0.2258    0.5384    0.3182      2099\n           3     0.9297    0.3065    0.4610      3064\n           4     0.8913    1.0000    0.9425      1345\n           5     0.0000    0.0000    0.0000      5029\n           6     0.0000    0.0000    0.0000      1330\n           7     0.0000    0.0000    0.0000      3682\n           8     0.9835    0.4414    0.6093       947\n\n    accuracy                         0.5292     42776\n   macro avg     0.4966    0.3677    0.3418     42776\nweighted avg     0.5017    0.5292    0.4038     42776\n",
        "oa": 52.915186085655506,
        "confusion": "[[  154  3645  2765    66     0     0     0     0     1]\n [    0 18649     0     0     0     0     0     0     0]\n [    0   969  1130     0     0     0     0     0     0]\n [    0  2084    35   939     0     0     0     0     6]\n [    0     0     0     0  1345     0     0     0     0]\n [    0  5029     0     0     0     0     0     0     0]\n [   16   597   717     0     0     0     0     0     0]\n [    0  3575   107     0     0     0     0     0     0]\n [    1   109   250     5   164     0     0     0   418]]",
        "each_acc": "[  2.32242497 100.          53.8351596   30.6462141  100.\n   0.           0.           0.          44.13938754]",
        "aa": 36.77146513469263,
        "kappa": 26.129757862755632
    }
}