{
    "epoch_loss": {
        "type": "index_value",
        "index": [
            1,
            2,
            3,
            4,
            5,
            6,
            7,
            8,
            9,
            10,
            11,
            12,
            13,
            14,
            15,
            16,
            17,
            18,
            19,
            20,
            21,
            22,
            23,
            24,
            25,
            26,
            27,
            28,
            29,
            30,
            31,
            32,
            33,
            34,
            35,
            36,
            37,
            38,
            39,
            40,
            41,
            42,
            43,
            44,
            45,
            46,
            47,
            48,
            49,
            50
        ],
        "value": [
            0.4713587623997586,
            0.1369613770654085,
            0.09208026468200115,
            0.06220830110021216,
            0.04949601882945491,
            0.03668619623744208,
            0.031054984218371086,
            0.023731495435914445,
            0.02911509557788855,
            0.02217883137543909,
            0.02703287482930277,
            0.02162546322113597,
            0.037841782206723865,
            0.024587063173227817,
            0.019707977765011896,
            0.01695865989550835,
            0.0077763370313170405,
            0.02259126150491207,
            0.012724686523263464,
            0.010163198313627123,
            0.00734421477010367,
            0.018861799143066706,
            0.00789423650014187,
            0.008843918000262485,
            0.014418627921415466,
            0.021691683753996806,
            0.014438285920694975,
            0.011782029217061637,
            0.009769373233122113,
            0.0025948683537168897,
            0.025653043350083594,
            0.01972576876661298,
            0.012113336864357184,
            0.0071688273564228305,
            0.00607482503596184,
            0.008264206480575484,
            0.010097107570716333,
            0.008231210557196287,
            0.00838552285808224,
            0.01656104890043301,
            0.01579740834692839,
            0.012147402154932724,
            0.015095938467987615,
            0.006987599861827927,
            0.00738340624235701,
            0.005308379944309211,
            0.0058802057570360704,
            0.003213353683615749,
            0.0018185647338984953,
            0.0021827006024562148
        ]
    },
    "train_oa": {
        "type": "index_value",
        "index": [
            10,
            20,
            30,
            40,
            50
        ],
        "value": [
            99.71360102869835,
            99.62008299725291,
            99.9123268455199,
            98.80180022210533,
            99.88602489917588
        ]
    },
    "train_aa": {
        "type": "index_value",
        "index": [
            10,
            20,
            30,
            40,
            50
        ],
        "value": [
            99.48853238313967,
            99.5313023334686,
            99.87313101505677,
            98.23192656833115,
            99.76212895306386
        ]
    },
    "train_kappa": {
        "type": "index_value",
        "index": [
            10,
            20,
            30,
            40,
            50
        ],
        "value": [
            99.62042220589976,
            99.49664732429129,
            99.88381376688949,
            98.41160734796148,
            99.84894877862571
        ]
    },
    "max_oa": {
        "type": "index_value",
        "index": [
            10,
            20,
            30,
            40,
            50
        ],
        "value": [
            99.71360102869835,
            99.71360102869835,
            99.9123268455199,
            99.9123268455199,
            99.9123268455199
        ]
    },
    "eval_time": 7.341721296310425,
    "param": {
        "data": {
            "data_sign": "Pavia",
            "data_file": "Pavia_0.2_pc",
            "patch_size": 15,
            "serve_patch_size": 15,
            "batch_size": 64,
            "num_classes": 9,
            "pca": -1,
            "dim_heads": 64,
            "spectral_size": 103,
            "random_rotate": true,
            "noise_type": "clean"
        },
        "net": {
            "trainer": "transformer",
            "use_mask": false,
            "net_type": "just_pixel",
            "mlp_head_dim": 64,
            "depth": 2,
            "dim": 64,
            "heads": 20,
            "mask_pct": 50
        },
        "train": {
            "epochs": 50,
            "lr": 0.001,
            "weight_decay": 0,
            "temp": 20
        },
        "uniq_name": "pavia_0.2trans_split",
        "train_sign": "train",
        "path_model_save": "./save_models/pavia_0.2trans_split",
        "path_res": "./res_pavia_0115/pavia_0.2trans_split_01151603",
        "path_pic": "./res_pavia_0115/pavia_0.2trans_split_01151603.png"
    },
    "eval": {
        "classification": "              precision    recall  f1-score   support\n\n           0     0.9994    1.0000    0.9997      6631\n           1     0.9994    0.9998    0.9996     18649\n           2     0.9943    0.9990    0.9967      2099\n           3     0.9987    0.9958    0.9972      3064\n           4     1.0000    0.9993    0.9996      1345\n           5     1.0000    1.0000    1.0000      5029\n           6     0.9977    1.0000    0.9989      1330\n           7     0.9995    0.9967    0.9981      3682\n           8     0.9989    0.9926    0.9958       947\n\n    accuracy                         0.9991     42776\n   macro avg     0.9987    0.9981    0.9984     42776\nweighted avg     0.9991    0.9991    0.9991     42776\n",
        "oa": 99.91116513933048,
        "confusion": "[[ 6631     0     0     0     0     0     0     0     0]\n [    0 18646     0     3     0     0     0     0     0]\n [    0     0  2097     0     0     0     0     2     0]\n [    1    12     0  3051     0     0     0     0     0]\n [    0     0     0     0  1344     0     0     0     1]\n [    0     0     0     0     0  5029     0     0     0]\n [    0     0     0     0     0     0  1330     0     0]\n [    3     0     8     1     0     0     0  3670     0]\n [    0     0     4     0     0     0     3     0   940]]",
        "each_acc": "[100.          99.98391335  99.90471653  99.57571802  99.92565056\n 100.         100.          99.67409017  99.26082365]",
        "aa": 99.81387914150646,
        "kappa": 99.88227638488071
    }
}