{
    "epoch_loss": {
        "type": "index_value",
        "index": [
            1,
            2,
            3,
            4,
            5,
            6,
            7,
            8,
            9,
            10,
            11,
            12,
            13,
            14,
            15,
            16,
            17,
            18,
            19,
            20,
            21,
            22,
            23,
            24,
            25,
            26,
            27,
            28,
            29,
            30,
            31,
            32,
            33,
            34,
            35,
            36,
            37,
            38,
            39,
            40,
            41,
            42,
            43,
            44,
            45,
            46,
            47,
            48,
            49,
            50
        ],
        "value": [
            0.6096849239723625,
            0.1656588278876256,
            0.10814397289851024,
            0.08121265099236107,
            0.06290852467913192,
            0.04906564132493493,
            0.06244936149691861,
            0.04503986625195413,
            0.04137190904700748,
            0.04287399362044012,
            0.02597810969289482,
            0.03327720285116665,
            0.026436038824596202,
            0.03484032804385388,
            0.03015702993346308,
            0.019454996082187394,
            0.019841575472483764,
            0.027175661492579124,
            0.03121256479154641,
            0.02106114913437182,
            0.014477811675831296,
            0.012713821800297235,
            0.03197387666716827,
            0.01925398357998585,
            0.01591531250523118,
            0.020576011619331903,
            0.017037667788096778,
            0.027381560872508058,
            0.018962232786905238,
            0.012042220136856773,
            0.011079843751542582,
            0.01813916977414207,
            0.01148446204366485,
            0.013029452668841155,
            0.014852922967826409,
            0.007837047176148292,
            0.008084643453102343,
            0.013157403422595741,
            0.020388971997021655,
            0.013837026497995562,
            0.011784072905638718,
            0.019275952991360215,
            0.016565907955592245,
            0.011589320665771686,
            0.01234132465633291,
            0.00836732442425244,
            0.007634756978748458,
            0.008688369530435286,
            0.012817467439753046,
            0.012094371806107626
        ]
    },
    "train_oa": {
        "type": "index_value",
        "index": [
            10,
            20,
            30,
            40,
            50
        ],
        "value": [
            94.00023379507861,
            80.64176749079431,
            99.8538780758665,
            96.24466654976914,
            98.80180022210533
        ]
    },
    "train_aa": {
        "type": "index_value",
        "index": [
            10,
            20,
            30,
            40,
            50
        ],
        "value": [
            94.16495621078734,
            85.28592345392494,
            99.75497387211138,
            95.94259487015654,
            98.12388512279865
        ]
    },
    "train_kappa": {
        "type": "index_value",
        "index": [
            10,
            20,
            30,
            40,
            50
        ],
        "value": [
            91.88148681700179,
            75.74450192084929,
            99.80637086307046,
            94.95278751303533,
            98.40753517463033
        ]
    },
    "max_oa": {
        "type": "index_value",
        "index": [
            10,
            20,
            30,
            40,
            50
        ],
        "value": [
            94.00023379507861,
            94.00023379507861,
            99.8538780758665,
            99.8538780758665,
            99.8538780758665
        ]
    },
    "eval_time": 3.9914088249206543,
    "param": {
        "data": {
            "data_sign": "Pavia",
            "data_file": "Pavia_0.2_pc",
            "patch_size": 15,
            "serve_patch_size": 15,
            "batch_size": 64,
            "num_classes": 9,
            "pca": -1,
            "dim_heads": 64,
            "spectral_size": 103,
            "random_rotate": true,
            "noise_type": "clean"
        },
        "net": {
            "trainer": "CNN",
            "use_mask": false,
            "net_type": "just_pixel",
            "mlp_head_dim": 64,
            "depth": 2,
            "dim": 64,
            "heads": 20,
            "mask_pct": 50
        },
        "train": {
            "epochs": 50,
            "lr": 0.001,
            "weight_decay": 0,
            "temp": 20
        },
        "uniq_name": "pavia_0.2CNN_split",
        "train_sign": "train",
        "path_model_save": "./save_models/pavia_0.2CNN_split",
        "path_res": "./res_pavia_0115/pavia_0.2CNN_split_01151606",
        "path_pic": "./res_pavia_0115/pavia_0.2CNN_split_01151606.png"
    },
    "eval": {
        "classification": "              precision    recall  f1-score   support\n\n           0     0.9968    0.9860    0.9914      6631\n           1     0.9848    0.9999    0.9923     18649\n           2     1.0000    0.9676    0.9835      2099\n           3     0.9989    0.8965    0.9450      3064\n           4     1.0000    1.0000    1.0000      1345\n           5     0.9962    1.0000    0.9981      5029\n           6     0.9301    1.0000    0.9638      1330\n           7     0.9815    0.9967    0.9891      3682\n           8     1.0000    0.9916    0.9958       947\n\n    accuracy                         0.9883     42776\n   macro avg     0.9876    0.9820    0.9843     42776\nweighted avg     0.9886    0.9883    0.9882     42776\n",
        "oa": 98.83345801383953,
        "confusion": "[[ 6538     0     0     0     0     0    93     0     0]\n [    0 18648     0     0     0     1     0     0     0]\n [    3     0  2031     0     0     0     1    64     0]\n [    7   287     0  2747     0    18     0     5     0]\n [    0     0     0     0  1345     0     0     0     0]\n [    0     0     0     0     0  5029     0     0     0]\n [    0     0     0     0     0     0  1330     0     0]\n [   11     0     0     1     0     0     0  3670     0]\n [    0     0     0     2     0     0     6     0   939]]",
        "each_acc": "[ 98.59749661  99.99463778  96.76036208  89.654047   100.\n 100.         100.          99.67409017  99.15522703]",
        "aa": 98.20398451830263,
        "kappa": 98.44957306378903
    }
}