{
    "epoch_loss": {
        "type": "index_value",
        "index": [
            1,
            2,
            3,
            4,
            5,
            6,
            7,
            8,
            9,
            10,
            11,
            12,
            13,
            14,
            15,
            16,
            17,
            18,
            19,
            20,
            21,
            22,
            23,
            24,
            25,
            26,
            27,
            28,
            29,
            30,
            31,
            32,
            33,
            34,
            35,
            36,
            37,
            38,
            39,
            40,
            41,
            42,
            43,
            44,
            45,
            46,
            47,
            48,
            49,
            50
        ],
        "value": [
            0.4617842138405575,
            0.12508356127192355,
            0.08635873659195034,
            0.053857855292458935,
            0.03896032386609806,
            0.032566698634795464,
            0.03216293224114616,
            0.02605358933558508,
            0.033481893912097035,
            0.02847369114552098,
            0.021468816099284235,
            0.020066426752200887,
            0.015910806988019232,
            0.016730964002001955,
            0.02159055130968182,
            0.016065390011720963,
            0.016715021018804226,
            0.03357186604204794,
            0.017863490857676582,
            0.010875185398597356,
            0.023504259434362584,
            0.015193056306477656,
            0.015325634983407612,
            0.008191708338177683,
            0.01600584298477611,
            0.01545390823007598,
            0.00570153854485905,
            0.011846704260633528,
            0.013643698437850236,
            0.013780809906477835,
            0.006645381911417248,
            0.017241863114171672,
            0.010189625979789676,
            0.016449687934669308,
            0.00472994837173193,
            0.0032248681469749267,
            0.012665007969803741,
            0.009290340339388855,
            0.005956407579141792,
            0.029885961861930984,
            0.009070096551291566,
            0.014431591705625019,
            0.005547697735516358,
            0.0059738905010675285,
            0.005977317600089427,
            0.011277937332512679,
            0.006889069335514275,
            0.011119174091787734,
            0.001920110383631453,
            0.011750413621863954
        ]
    },
    "train_oa": {
        "type": "index_value",
        "index": [
            10,
            20,
            30,
            40,
            50
        ],
        "value": [
            88.61710211000059,
            99.6785317669063,
            93.32222806709919,
            96.44923724355601,
            95.23058039628266
        ]
    },
    "train_aa": {
        "type": "index_value",
        "index": [
            10,
            20,
            30,
            40,
            50
        ],
        "value": [
            89.44161947035474,
            99.54643979609725,
            87.95320312894934,
            98.50349878799624,
            91.71330404177638
        ]
    },
    "train_kappa": {
        "type": "index_value",
        "index": [
            10,
            20,
            30,
            40,
            50
        ],
        "value": [
            84.27330685911097,
            99.57398114692896,
            91.12870985911553,
            95.35232909390527,
            93.68197489838921
        ]
    },
    "max_oa": {
        "type": "index_value",
        "index": [
            10,
            20,
            30,
            40,
            50
        ],
        "value": [
            88.61710211000059,
            99.6785317669063,
            99.6785317669063,
            99.6785317669063,
            99.6785317669063
        ]
    },
    "eval_time": 6.126020431518555,
    "param": {
        "data": {
            "data_sign": "Pavia",
            "data_file": "Pavia_0.2_pc",
            "patch_size": 15,
            "serve_patch_size": 15,
            "batch_size": 64,
            "num_classes": 9,
            "pca": -1,
            "dim_heads": 64,
            "spectral_size": 103,
            "random_rotate": true,
            "noise_type": "clean"
        },
        "net": {
            "trainer": "transformer_origin",
            "use_mask": false,
            "net_type": "just_pixel",
            "mlp_head_dim": 64,
            "depth": 2,
            "dim": 64,
            "heads": 20,
            "mask_pct": 50
        },
        "train": {
            "epochs": 50,
            "lr": 0.001,
            "weight_decay": 0,
            "temp": 20
        },
        "uniq_name": "pavia_0.2trans-ori_split",
        "train_sign": "train",
        "path_model_save": "./save_models/pavia_0.2trans-ori_split",
        "path_res": "./res_pavia_0115/pavia_0.2trans-ori_split_01151656",
        "path_pic": "./res_pavia_0115/pavia_0.2trans-ori_split_01151656.png"
    },
    "eval": {
        "classification": "              precision    recall  f1-score   support\n\n           0     0.9369    0.9152    0.9259      6631\n           1     0.9997    0.9979    0.9988     18649\n           2     1.0000    0.3816    0.5524      2099\n           3     0.9906    0.9980    0.9943      3064\n           4     1.0000    1.0000    1.0000      1345\n           5     0.9980    0.9940    0.9960      5029\n           6     0.6400    1.0000    0.7805      1330\n           7     0.8042    0.9650    0.8773      3682\n           8     1.0000    0.9979    0.9989       947\n\n    accuracy                         0.9517     42776\n   macro avg     0.9299    0.9166    0.9027     42776\nweighted avg     0.9611    0.9517    0.9478     42776\n",
        "oa": 95.1701888909669,
        "confusion": "[[ 6069     0     0     0     0     0   561     1     0]\n [    0 18610     0    29     0    10     0     0     0]\n [  279     0   801     0     0     0   176   843     0]\n [    0     5     0  3058     0     0     0     1     0]\n [    0     0     0     0  1345     0     0     0     0]\n [    0     0     0     0     0  4999    10    20     0]\n [    0     0     0     0     0     0  1330     0     0]\n [  128     0     0     0     0     0     1  3553     0]\n [    2     0     0     0     0     0     0     0   945]]",
        "each_acc": "[ 91.52465691  99.79087351  38.16102906  99.80417755 100.\n  99.40345993 100.          96.49646931  99.78880676]",
        "aa": 91.66327478085083,
        "kappa": 93.6034824833296
    }
}