{
    "train_oa": {
        "type": "index_value",
        "index": [
            1,
            2,
            3,
            4,
            5,
            6,
            7,
            8,
            9,
            10
        ],
        "value": [
            73.45006545726575,
            73.76566298859173,
            74.0134654946699,
            74.05320740602207,
            74.2051617729568,
            74.2051617729568,
            74.32672526650458,
            74.476341873948,
            74.42491116513933,
            74.38049373480456
        ]
    },
    "train_aa": {
        "type": "index_value",
        "index": [
            1,
            2,
            3,
            4,
            5,
            6,
            7,
            8,
            9,
            10
        ],
        "value": [
            75.20320639219786,
            75.07444453603522,
            74.93146716051288,
            74.75991915499985,
            74.49986788102395,
            74.19186279813707,
            73.99640196454978,
            73.73420455163178,
            73.62257571203085,
            73.1413729327032
        ]
    },
    "train_kappa": {
        "type": "index_value",
        "index": [
            1,
            2,
            3,
            4,
            5,
            6,
            7,
            8,
            9,
            10
        ],
        "value": [
            66.39134143682952,
            66.71356197827762,
            66.96853781640719,
            66.97919400022657,
            67.11985238541526,
            67.07439437538278,
            67.18856659493397,
            67.31692910973415,
            67.22805247330317,
            67.1325139600768
        ]
    },
    "eval_time": 120.62770175933838,
    "param": {
        "data": {
            "data_sign": "Pavia",
            "data_file": "Pavia_0.2_pc",
            "patch_size": 15,
            "serve_patch_size": 15,
            "batch_size": 64,
            "num_classes": 9,
            "pca": -1,
            "dim_heads": 64,
            "spectral_size": 103,
            "random_rotate": true,
            "noise_type": "deadlines"
        },
        "net": {
            "trainer": "transformer",
            "use_mask": false,
            "net_type": "just_pixel",
            "mlp_head_dim": 64,
            "depth": 2,
            "dim": 64,
            "heads": 20,
            "mask_pct": 50
        },
        "train": {
            "epochs": 50,
            "lr": 0.001,
            "weight_decay": 0,
            "temp": 20
        },
        "uniq_name": "pavia_0.2trans-ori-epoch10_split",
        "model_name": "pavia_0.2trans_split",
        "train_sign": "tent",
        "path_model_save": "./save_models/pavia_0.2trans_split",
        "path_res": "./res_pavia_0115/pavia_0.2trans-ori-epoch10_split_tent_deadlines_01151741",
        "path_pic": "./res_pavia_0115/pavia_0.2trans-ori-epoch10_split_tent_deadlines_01151741.png"
    },
    "eval": {
        "classification": "              precision    recall  f1-score   support\n\n           0     0.5814    0.9903    0.7326      6631\n           1     0.9573    0.7243    0.8247     18649\n           2     0.6354    0.2649    0.3739      2099\n           3     0.8530    0.9148    0.8828      3064\n           4     0.9992    0.9844    0.9918      1345\n           5     0.4953    0.9268    0.6456      5029\n           6     0.9611    0.6684    0.7885      1330\n           7     0.9732    0.1678    0.2863      3682\n           8     0.9770    0.9409    0.9586       947\n\n    accuracy                         0.7438     42776\n   macro avg     0.8259    0.7314    0.7205     42776\nweighted avg     0.8247    0.7438    0.7321     42776\n",
        "oa": 74.38049373480456,
        "confusion": "[[ 6567    12    19     0     0     3    20     2     8]\n [    6 13508     1   482     0  4645     0     1     6]\n [ 1500    23   556     1     0     0    13     6     0]\n [   21   156     0  2803     0    74     0     3     7]\n [   21     0     0     0  1324     0     0     0     0]\n [    0   357     7     0     0  4661     0     4     0]\n [  441     0     0     0     0     0   889     0     0]\n [ 2713    55   292     0     0     3     1   618     0]\n [   27     0     0     0     1    25     2     1   891]]",
        "each_acc": "[99.03483637 72.43283822 26.48880419 91.48172324 98.43866171 92.68244184\n 66.84210526 16.78435633 94.08658923]",
        "aa": 73.1413729327032,
        "kappa": 67.1325139600768
    }
}