{
    "train_oa": {
        "type": "index_value",
        "index": [
            1,
            2,
            3,
            4,
            5,
            6,
            7,
            8,
            9,
            10
        ],
        "value": [
            54.21965588180287,
            53.96016457826819,
            53.75677950252478,
            53.41780437628577,
            53.153637553768476,
            53.11623340190761,
            53.13025995885543,
            53.167664110716295,
            53.17000187020759,
            53.256498971385824
        ]
    },
    "train_aa": {
        "type": "index_value",
        "index": [
            1,
            2,
            3,
            4,
            5,
            6,
            7,
            8,
            9,
            10
        ],
        "value": [
            32.80267041558045,
            31.777201865533655,
            30.800108528986353,
            29.275293690871486,
            28.106797206585693,
            27.232419888219034,
            26.58317619343022,
            26.082544823267355,
            25.85097722657735,
            25.80282131562256
        ]
    },
    "train_kappa": {
        "type": "index_value",
        "index": [
            1,
            2,
            3,
            4,
            5,
            6,
            7,
            8,
            9,
            10
        ],
        "value": [
            36.51427379284963,
            34.8692698875073,
            33.986758271285986,
            33.13844394547459,
            32.77770090561965,
            33.01663076060768,
            33.42363029841488,
            33.780017533668904,
            33.79223108578787,
            33.935824263672465
        ]
    },
    "eval_time": 120.06546711921692,
    "param": {
        "data": {
            "data_sign": "Pavia",
            "data_file": "Pavia_0.2_pc",
            "patch_size": 15,
            "serve_patch_size": 15,
            "batch_size": 64,
            "num_classes": 9,
            "pca": -1,
            "dim_heads": 64,
            "spectral_size": 103,
            "random_rotate": true,
            "noise_type": "thick_fog"
        },
        "net": {
            "trainer": "transformer",
            "use_mask": false,
            "net_type": "just_pixel",
            "mlp_head_dim": 64,
            "depth": 2,
            "dim": 64,
            "heads": 20,
            "mask_pct": 50
        },
        "train": {
            "epochs": 50,
            "lr": 0.001,
            "weight_decay": 0,
            "temp": 20
        },
        "uniq_name": "pavia_0.2trans-ori-epoch10_split",
        "model_name": "pavia_0.2trans_split",
        "train_sign": "tent",
        "path_model_save": "./save_models/pavia_0.2trans_split",
        "path_res": "./res_pavia_0115/pavia_0.2trans-ori-epoch10_split_tent_thick_fog_01151730",
        "path_pic": "./res_pavia_0115/pavia_0.2trans-ori-epoch10_split_tent_thick_fog_01151730.png"
    },
    "eval": {
        "classification": "              precision    recall  f1-score   support\n\n           0     0.2649    0.1039    0.1493      6631\n           1     0.7733    0.9854    0.8666     18649\n           2     0.9744    0.1629    0.2792      2099\n           3     1.0000    0.1769    0.3006      3064\n           4     0.5235    0.2736    0.3594      1345\n           5     0.1298    0.3291    0.1861      5029\n           6     1.0000    0.0850    0.1566      1330\n           7     0.3508    0.1833    0.2408      3682\n           8     0.8077    0.0222    0.0432       947\n\n    accuracy                         0.5326     42776\n   macro avg     0.6472    0.2580    0.2869     42776\nweighted avg     0.6085    0.5326    0.4959     42776\n",
        "oa": 53.256498971385824,
        "confusion": "[[  689   286     3     0    14  4941     0   698     0]\n [    0 18376     0     0     0   273     0     0     0]\n [  249     2   342     0    48   941     0   514     3]\n [    3  2153     0   542    39   318     0     8     1]\n [    0     0     0     0   368   977     0     0     0]\n [  397  2818     0     0   139  1655     0    19     1]\n [  673     0     1     0     0   543   113     0     0]\n [   63   125     5     0    71  2743     0   675     0]\n [  527     2     0     0    24   363     0    10    21]]",
        "each_acc": "[10.39058965 98.53611454 16.29347308 17.68929504 27.3605948  32.90912706\n  8.4962406  18.33242803  2.21752904]",
        "aa": 25.80282131562256,
        "kappa": 33.935824263672465
    }
}