{
    "train_oa": {
        "type": "index_value",
        "index": [
            1,
            2,
            3,
            4,
            5,
            6,
            7,
            8,
            9,
            10
        ],
        "value": [
            99.90882737983917,
            99.89947634187395,
            99.90181410136525,
            99.90648962034786,
            99.90882737983917,
            99.90415186085656,
            99.90882737983917,
            99.91817841780437,
            99.90648962034786,
            99.90181410136525
        ]
    },
    "train_aa": {
        "type": "index_value",
        "index": [
            1,
            2,
            3,
            4,
            5,
            6,
            7,
            8,
            9,
            10
        ],
        "value": [
            99.7961063540004,
            99.7794094111616,
            99.77898845371467,
            99.77805020127968,
            99.79925313078657,
            99.80541344558473,
            99.79147164659359,
            99.82318575536307,
            99.79428473670818,
            99.80122099878889
        ]
    },
    "train_kappa": {
        "type": "index_value",
        "index": [
            1,
            2,
            3,
            4,
            5,
            6,
            7,
            8,
            9,
            10
        ],
        "value": [
            99.87917343153066,
            99.86678165419127,
            99.86988096002348,
            99.87607342305797,
            99.87917582655773,
            99.8729809077974,
            99.87917283356855,
            99.89156625224166,
            99.87607752374403,
            99.86988360055622
        ]
    },
    "eval_time": 120.62148642539978,
    "param": {
        "data": {
            "data_sign": "Pavia",
            "data_file": "Pavia_0.2_pc",
            "patch_size": 15,
            "serve_patch_size": 15,
            "batch_size": 64,
            "num_classes": 9,
            "pca": -1,
            "dim_heads": 64,
            "spectral_size": 103,
            "random_rotate": true,
            "noise_type": "poisson"
        },
        "net": {
            "trainer": "transformer",
            "use_mask": false,
            "net_type": "just_pixel",
            "mlp_head_dim": 64,
            "depth": 2,
            "dim": 64,
            "heads": 20,
            "mask_pct": 50
        },
        "train": {
            "epochs": 50,
            "lr": 0.001,
            "weight_decay": 0,
            "temp": 20
        },
        "uniq_name": "pavia_0.2trans-ori-epoch10_split",
        "model_name": "pavia_0.2trans_split",
        "train_sign": "tent",
        "path_model_save": "./save_models/pavia_0.2trans_split",
        "path_res": "./res_pavia_0115/pavia_0.2trans-ori-epoch10_split_tent_poisson_01151737",
        "path_pic": "./res_pavia_0115/pavia_0.2trans-ori-epoch10_split_tent_poisson_01151737.png"
    },
    "eval": {
        "classification": "              precision    recall  f1-score   support\n\n           0     0.9994    1.0000    0.9997      6631\n           1     0.9993    0.9998    0.9996     18649\n           2     0.9915    0.9995    0.9955      2099\n           3     0.9987    0.9961    0.9974      3064\n           4     1.0000    1.0000    1.0000      1345\n           5     1.0000    1.0000    1.0000      5029\n           6     0.9985    1.0000    0.9992      1330\n           7     0.9997    0.9951    0.9974      3682\n           8     1.0000    0.9916    0.9958       947\n\n    accuracy                         0.9990     42776\n   macro avg     0.9986    0.9980    0.9983     42776\nweighted avg     0.9990    0.9990    0.9990     42776\n",
        "oa": 99.90181410136525,
        "confusion": "[[ 6631     0     0     0     0     0     0     0     0]\n [    0 18646     0     3     0     0     0     0     0]\n [    0     0  2098     0     0     0     0     1     0]\n [    0    12     0  3052     0     0     0     0     0]\n [    0     0     0     0  1345     0     0     0     0]\n [    0     0     0     0     0  5029     0     0     0]\n [    0     0     0     0     0     0  1330     0     0]\n [    4     0    13     1     0     0     0  3664     0]\n [    0     1     5     0     0     0     2     0   939]]",
        "each_acc": "[100.          99.98391335  99.95235827  99.60835509 100.\n 100.         100.          99.51113525  99.15522703]",
        "aa": 99.80122099878889,
        "kappa": 99.86988360055622
    }
}