{
    "epoch_loss": {
        "type": "index_value",
        "index": [
            1,
            2,
            3,
            4,
            5,
            6,
            7,
            8,
            9,
            10,
            11,
            12,
            13,
            14,
            15,
            16,
            17,
            18,
            19,
            20,
            21,
            22,
            23,
            24,
            25,
            26,
            27,
            28,
            29,
            30,
            31,
            32,
            33,
            34,
            35,
            36,
            37,
            38,
            39,
            40,
            41,
            42,
            43,
            44,
            45,
            46,
            47,
            48,
            49,
            50,
            51,
            52,
            53,
            54,
            55,
            56,
            57,
            58,
            59,
            60,
            61,
            62,
            63,
            64,
            65,
            66,
            67,
            68,
            69,
            70,
            71,
            72,
            73,
            74,
            75,
            76,
            77,
            78,
            79,
            80,
            81,
            82,
            83,
            84,
            85,
            86,
            87,
            88,
            89,
            90,
            91,
            92,
            93,
            94,
            95,
            96,
            97,
            98,
            99,
            100
        ],
        "value": [
            0.3183434578653431,
            0.03826977816293049,
            0.01729689356857074,
            0.009153589401884928,
            0.005037775274235986,
            0.0028491137445843156,
            0.0028125297050558763,
            0.005898393312637586,
            0.0049281610423013095,
            0.002143226626722417,
            0.0011130159133369442,
            0.00029766806325339044,
            0.0009378443113978998,
            0.014941389677477716,
            0.005509754885482678,
            0.0011640592196713161,
            0.0020238132442675855,
            0.00023071126587941723,
            0.00025448191097294056,
            0.00011817288546401596,
            0.0007305329139967212,
            0.0012772489264020728,
            0.006689017779458208,
            0.02063033626960374,
            0.0020708972498917535,
            0.0014566587809896133,
            0.00015174095559397497,
            0.00011131673810037229,
            5.919471076522594e-05,
            8.045808682237783e-05,
            5.898398655846479e-05,
            3.2208518740855156e-05,
            7.120496536059545e-05,
            3.202209254576671e-05,
            3.1543635690097254e-05,
            4.914577416949227e-05,
            1.8690058393733668e-05,
            0.0057656800099827035,
            0.01177649962404246,
            0.004375869716999395,
            0.001198635058098457,
            0.0004225866004328633,
            0.0003970519030420167,
            6.880613847589452e-05,
            5.5680057952387046e-05,
            6.89458146272834e-05,
            0.001980758232564444,
            0.001332649988715468,
            0.0006855526630207767,
            0.0005464098805239667,
            0.005793573576851359,
            0.006625778228122473,
            0.000760757875176338,
            0.004091590333641365,
            0.0036140184026613484,
            0.0002658588446764265,
            0.00023397433080855968,
            0.0003717257238499244,
            0.0006119335417702456,
            0.0001782055485073527,
            0.0003774626536595176,
            0.00014976073873485655,
            5.645029127889823e-05,
            0.005261661064397821,
            0.00048668071419197425,
            0.0007537919761272414,
            0.00013500687888909617,
            3.074392422995482e-05,
            0.0007981556123841825,
            0.011868601863361253,
            0.0004895681336656567,
            0.0006443435760702439,
            0.0007206619089736138,
            0.0015342989990154141,
            0.00035703333254645054,
            2.272674354835404e-05,
            4.697241274695515e-05,
            1.709665165306976e-05,
            0.005329610482088593,
            0.003393957956534827,
            0.00033297008063353677,
            0.002550554079357537,
            0.002652979082894058,
            0.0008673096351190966,
            0.00015602707983949747,
            0.0003298208095068823,
            0.00030084430282061074,
            3.108503620398219e-05,
            1.5311237891472278e-05,
            1.1225266623975138e-05,
            1.0582272060342668e-05,
            3.5423696224641824e-06,
            1.0727549218813433e-05,
            2.2479738604119204e-05,
            4.94781201757129e-06,
            4.1794917078683045e-06,
            8.210355925221124e-06,
            2.7813613891191163e-06,
            3.818804665352705e-06,
            0.004072028705857178
        ]
    },
    "train_oa": {
        "type": "index_value",
        "index": [
            10,
            20,
            30,
            40,
            50,
            60,
            70,
            80,
            90,
            100
        ],
        "value": [
            99.93570635338126,
            99.94447366882927,
            99.9327839148986,
            99.85972295283185,
            99.9620082997253,
            99.9327839148986,
            99.92401659945058,
            99.93570635338126,
            99.94739610731193,
            99.29861476415921
        ]
    },
    "train_aa": {
        "type": "index_value",
        "index": [
            10,
            20,
            30,
            40,
            50,
            60,
            70,
            80,
            90,
            100
        ],
        "value": [
            99.76816764308649,
            99.80065326510531,
            99.76348866860215,
            99.6402001351905,
            99.93182757356533,
            99.81184942515952,
            99.84845798404716,
            99.81657098206972,
            99.88267118005287,
            98.94040954758594
        ]
    },
    "train_kappa": {
        "type": "index_value",
        "index": [
            10,
            20,
            30,
            40,
            50,
            60,
            70,
            80,
            90,
            100
        ],
        "value": [
            99.91480644432829,
            99.92642249628322,
            99.91092918332491,
            99.8140907682686,
            99.94965532895849,
            99.91093097542628,
            99.89932381976541,
            99.9148032477274,
            99.93029219219993,
            99.0707176962272
        ]
    },
    "max_oa": {
        "type": "index_value",
        "index": [
            10,
            20,
            30,
            40,
            50,
            60,
            70,
            80,
            90,
            100
        ],
        "value": [
            99.93570635338126,
            99.94447366882927,
            99.94447366882927,
            99.94447366882927,
            99.9620082997253,
            99.9620082997253,
            99.9620082997253,
            99.9620082997253,
            99.9620082997253,
            99.9620082997253
        ]
    },
    "eval_time": 2.2923686504364014,
    "param": {
        "data": {
            "data_sign": "Pavia",
            "data_file": "Pavia_0.2_pc",
            "diffusion_sign": false,
            "patch_size": 13,
            "test_ratio": 0.95,
            "batch_size": 64,
            "num_classes": 9,
            "pca": 30,
            "dim_heads": 64,
            "spectral_size": 30,
            "append_dim": true,
            "noise_type": "clean"
        },