{
    "epoch_loss": {
        "type": "index_value",
        "index": [
            1,
            2,
            3,
            4,
            5,
            6,
            7,
            8,
            9,
            10,
            11,
            12,
            13,
            14,
            15,
            16,
            17,
            18,
            19,
            20,
            21,
            22,
            23,
            24,
            25,
            26,
            27,
            28,
            29,
            30,
            31,
            32,
            33,
            34,
            35,
            36,
            37,
            38,
            39,
            40,
            41,
            42,
            43,
            44,
            45,
            46,
            47,
            48,
            49,
            50
        ],
        "value": [
            0.4376658835082891,
            0.13062866609591445,
            0.08554971766760205,
            0.04806407541994264,
            0.054585308869062224,
            0.046010165636151935,
            0.04008543705737484,
            0.02907101161078012,
            0.026052760746008773,
            0.031513620576063626,
            0.01680578228509997,
            0.021649308012091938,
            0.03448638979240653,
            0.021877664669810136,
            0.009960678277211187,
            0.0314389643949078,
            0.01759834432259261,
            0.012085314129234808,
            0.013422458033499876,
            0.003623456365208386,
            0.019119748336069945,
            0.01731845881686757,
            0.021008353921636802,
            0.009721716539123532,
            0.013553779079816272,
            0.007370134352306551,
            0.01801539288054987,
            0.010501341147132377,
            0.005349847070925455,
            0.010834964001052853,
            0.01149981258867766,
            0.011349290512641707,
            0.0058197624889772875,
            0.02589515760888331,
            0.020598342231483303,
            0.009929990263654258,
            0.009114170582832468,
            0.011988821602546176,
            0.011445907592053235,
            0.016795061676929283,
            0.011732060572135841,
            0.004515680820715108,
            0.007922713709580528,
            0.0057330437739242365,
            0.003033403498567876,
            0.004616389947768834,
            0.01172309452139896,
            0.0030354004357148116,
            0.007761844026648922,
            0.0020405579912958064
        ]
    },
    "train_oa": {
        "type": "index_value",
        "index": [
            10,
            20,
            30,
            40,
            50
        ],
        "value": [
            99.08819919340698,
            99.24308843298849,
            99.69606639780233,
            99.83634344497048,
            99.85095563738383
        ]
    },
    "train_aa": {
        "type": "index_value",
        "index": [
            10,
            20,
            30,
            40,
            50
        ],
        "value": [
            98.17171355388435,
            98.90497544759673,
            99.4776478681732,
            99.61241454308636,
            99.69286964933909
        ]
    },
    "train_kappa": {
        "type": "index_value",
        "index": [
            10,
            20,
            30,
            40,
            50
        ],
        "value": [
            98.79115949267948,
            98.9967774428915,
            99.59717426121617,
            99.78305720037245,
            99.80247545403654
        ]
    },
    "max_oa": {
        "type": "index_value",
        "index": [
            10,
            20,
            30,
            40,
            50
        ],
        "value": [
            99.08819919340698,
            99.24308843298849,
            99.69606639780233,
            99.83634344497048,
            99.85095563738383
        ]
    },
    "eval_time": 6.0808398723602295,
    "param": {
        "data": {
            "data_sign": "Pavia",
            "data_file": "Pavia_0.2_pc",
            "patch_size": 15,
            "serve_patch_size": 15,
            "batch_size": 64,
            "num_classes": 9,
            "pca": -1,
            "dim_heads": 64,
            "spectral_size": 103,
            "random_rotate": true,
            "noise_type": "clean"
        },
        "net": {
            "trainer": "transformer_bnln",
            "use_mask": false,
            "net_type": "just_pixel",
            "mlp_head_dim": 64,
            "depth": 2,
            "dim": 64,
            "heads": 20,
            "mask_pct": 50
        },
        "train": {
            "epochs": 50,
            "lr": 0.001,
            "weight_decay": 0,
            "temp": 20
        },
        "uniq_name": "pavia_0.2trans-bnln_split",
        "train_sign": "train",
        "path_model_save": "./save_models/pavia_0.2trans-bnln_split",
        "path_res": "./res_pavia_0115/pavia_0.2trans-bnln_split_01151645",
        "path_pic": "./res_pavia_0115/pavia_0.2trans-bnln_split_01151645.png"
    },
    "eval": {
        "classification": "              precision    recall  f1-score   support\n\n           0     0.9994    1.0000    0.9997      6631\n           1     0.9992    0.9998    0.9995     18649\n           2     0.9924    1.0000    0.9962      2099\n           3     0.9987    0.9964    0.9975      3064\n           4     1.0000    0.9941    0.9970      1345\n           5     1.0000    1.0000    1.0000      5029\n           6     1.0000    0.9992    0.9996      1330\n           7     1.0000    0.9948    0.9974      3682\n           8     0.9916    0.9958    0.9937       947\n\n    accuracy                         0.9989     42776\n   macro avg     0.9979    0.9978    0.9979     42776\nweighted avg     0.9989    0.9989    0.9989     42776\n",
        "oa": 99.89246306340004,
        "confusion": "[[ 6631     0     0     0     0     0     0     0     0]\n [    0 18646     0     3     0     0     0     0     0]\n [    0     0  2099     0     0     0     0     0     0]\n [    0    11     0  3053     0     0     0     0     0]\n [    0     0     0     0  1337     0     0     0     8]\n [    0     0     0     0     0  5029     0     0     0]\n [    1     0     0     0     0     0  1329     0     0]\n [    3     0    15     1     0     0     0  3663     0]\n [    0     3     1     0     0     0     0     0   943]]",
        "each_acc": "[100.          99.98391335 100.          99.64099217  99.40520446\n 100.          99.92481203  99.4839761   99.57761352]",
        "aa": 99.7796124023352,
        "kappa": 99.85749064765174
    }
}