{
    "train_oa": {
        "type": "index_value",
        "index": [
            1,
            2,
            3,
            4,
            5,
            6,
            7,
            8,
            9,
            10
        ],
        "value": [
            75.7878249485693,
            78.14194875631195,
            79.88825509631569,
            80.72049747521976,
            81.1553207406022,
            80.90985599401533,
            80.74855058911538,
            80.47737048812418,
            80.43529081728072,
            80.20151486815037
        ]
    },
    "train_aa": {
        "type": "index_value",
        "index": [
            1,
            2,
            3,
            4,
            5,
            6,
            7,
            8,
            9,
            10
        ],
        "value": [
            73.64260081071204,
            73.29080980241277,
            72.65897677255352,
            71.79512383043894,
            70.92876744820175,
            69.7556330144562,
            68.77176989277945,
            67.90785723727163,
            67.3949071401188,
            66.86606743919654
        ]
    },
    "train_kappa": {
        "type": "index_value",
        "index": [
            1,
            2,
            3,
            4,
            5,
            6,
            7,
            8,
            9,
            10
        ],
        "value": [
            69.28119859845154,
            71.77108032130577,
            73.57176154240499,
            74.27634921550288,
            74.54267417984735,
            73.96176170181523,
            73.53365419969393,
            72.99023380622289,
            72.82906016323854,
            72.39775764642309
        ]
    },
    "eval_time": 115.89442229270935,
    "param": {
        "data": {
            "data_sign": "Pavia",
            "data_file": "Pavia_0.2_pc",
            "patch_size": 15,
            "serve_patch_size": 15,
            "batch_size": 64,
            "num_classes": 9,
            "pca": -1,
            "dim_heads": 64,
            "spectral_size": 103,
            "random_rotate": true,
            "noise_type": "salt_pepper"
        },
        "net": {
            "trainer": "transformer",
            "use_mask": false,
            "net_type": "just_pixel",
            "mlp_head_dim": 64,
            "depth": 2,
            "dim": 64,
            "heads": 20,
            "mask_pct": 50
        },
        "train": {
            "epochs": 50,
            "lr": 0.001,
            "weight_decay": 0,
            "temp": 20
        },
        "uniq_name": "pavia_0.2trans-ori-epoch10_split",
        "model_name": "pavia_0.2trans_split",
        "train_sign": "tent",
        "path_model_save": "./save_models/pavia_0.2trans_split",
        "path_res": "./res_pavia_0115/pavia_0.2trans-ori-epoch10_split_tent_salt_pepper_01151726",
        "path_pic": "./res_pavia_0115/pavia_0.2trans-ori-epoch10_split_tent_salt_pepper_01151726.png"
    },
    "eval": {
        "classification": "              precision    recall  f1-score   support\n\n           0     0.7632    0.9484    0.8458      6631\n           1     0.7973    0.9783    0.8786     18649\n           2     0.9941    0.1606    0.2765      2099\n           3     0.8754    0.9834    0.9262      3064\n           4     0.9963    0.9955    0.9959      1345\n           5     0.9736    0.1466    0.2548      5029\n           6     0.0000    0.0000    0.0000      1330\n           7     0.7144    0.9647    0.8209      3682\n           8     0.9962    0.8405    0.9118       947\n\n    accuracy                         0.8020     42776\n   macro avg     0.7901    0.6687    0.6567     42776\nweighted avg     0.8067    0.8020    0.7462     42776\n",
        "oa": 80.20151486815037,
        "confusion": "[[ 6289    16     1     0     0     0     0   325     0]\n [   22 18244     0   333     0    18     0    32     0]\n [  427   394   337     0     0     2     0   936     3]\n [    0    46     0  3013     0     0     0     5     0]\n [    6     0     0     0  1339     0     0     0     0]\n [   72  4007     0    94     5   737     0   114     0]\n [ 1327     3     0     0     0     0     0     0     0]\n [   11   116     1     2     0     0     0  3552     0]\n [   86    57     0     0     0     0     0     8   796]]",
        "each_acc": "[94.84240688 97.82830179 16.05526441 98.33550914 99.55390335 14.65500099\n  0.         96.46931016 84.05491024]",
        "aa": 66.86606743919654,
        "kappa": 72.39775764642309
    }
}