{
    "epoch_loss": {
        "type": "index_value",
        "index": [
            1,
            2,
            3,
            4,
            5,
            6,
            7,
            8,
            9,
            10,
            11,
            12,
            13,
            14,
            15,
            16,
            17,
            18,
            19,
            20,
            21,
            22,
            23,
            24,
            25,
            26,
            27,
            28,
            29,
            30,
            31,
            32,
            33,
            34,
            35,
            36,
            37,
            38,
            39,
            40,
            41,
            42,
            43,
            44,
            45,
            46,
            47,
            48,
            49,
            50,
            51,
            52,
            53,
            54,
            55,
            56,
            57,
            58,
            59,
            60,
            61,
            62,
            63,
            64,
            65,
            66,
            67,
            68,
            69,
            70,
            71,
            72,
            73,
            74,
            75,
            76,
            77,
            78,
            79,
            80,
            81,
            82,
            83,
            84,
            85,
            86,
            87,
            88,
            89,
            90,
            91,
            92,
            93,
            94,
            95,
            96,
            97,
            98,
            99,
            100
        ],
        "value": [
            1.713401905637588,
            0.9989080578161272,
            0.6849585703689687,
            0.5911462388479507,
            0.399362113528008,
            0.3907448745992062,
            0.3429873321033162,
            0.2810816109905568,
            0.33839429103545027,
            0.257086517195922,
            0.173096756473945,
            0.1515611159250394,
            0.09766076524762342,
            0.1274372499934658,
            0.1702053519351059,
            0.19987236367234928,
            0.10458245453245739,
            0.06870519910234314,
            0.08422735383838342,
            0.06980801865259081,
            0.07395436698502868,
            0.08156270768738141,
            0.04713402171494607,
            0.08303816367819941,
            0.0903460399802874,
            0.05786812605649015,
            0.14716047003611452,
            0.09780725101484869,
            0.10739930022843273,
            0.03335852290882101,
            0.04510637901886536,
            0.0329662496156066,
            0.0586360580765998,
            0.026587075038547934,
            0.09155960054003119,
            0.04119959782872467,
            0.01617789531529965,
            0.023995171157403003,
            0.08999438886224788,
            0.09273204365495928,
            0.11097092417016662,
            0.045294277493245994,
            0.041677309735848087,
            0.04579050345142392,
            0.10077020872538398,
            0.10453042137796861,
            0.03145549329237926,
            0.047820038778068376,
            0.04545389040126273,
            0.03140498286616193,
            0.08878813961706603,
            0.1121926258370244,
            0.09392944490242469,
            0.11975404546208625,
            0.07772645330885901,
            0.026151754777796948,
            0.027467493868802297,
            0.03588244147834407,
            0.05322779451027839,
            0.03925752815248902,
            0.07391739329572432,
            0.053055944161403495,
            0.03024546913711984,
            0.05601358038810628,
            0.02165245771195078,
            0.015054598776963505,
            0.041702668314432575,
            0.026824184860626276,
            0.0360245418592091,
            0.03943745361736221,
            0.010571948712614621,
            0.01957995217574484,
            0.1168408833571014,
            0.047756053561711836,
            0.041796532846135236,
            0.06771990990044137,
            0.039574127795215505,
            0.010496988995884457,
            0.030155281309228742,
            0.02137203038898988,
            0.057716962600856514,
            0.053273059431363776,
            0.04351532235922895,
            0.03500567342442463,
            0.00773649574087484,
            0.0065233196086565215,
            0.012038790189871822,
            0.08674436671310387,
            0.1235909534486831,
            0.0805036729052119,
            0.03175320496234291,
            0.053037325338145536,
            0.036248390135466324,
            0.01852318606092402,
            0.02503443057229629,
            0.061068360590876745,
            0.020407692808884485,
            0.04128580091208437,
            0.06263242714886538,
            0.02461609473483696
        ]
    },
    "train_oa": {
        "type": "index_value",
        "index": [
            10,
            20,
            30,
            40,
            50,
            60,
            70,
            80,
            90,
            100
        ],
        "value": [
            85.09885281913596,
            96.93678301195997,
            98.37686111789114,
            96.09470344154259,
            98.42567732487186,
            96.76592628752746,
            98.82841103246278,
            98.23041249694899,
            98.4012692213815,
            98.52330973883329
        ]
    },
    "train_aa": {
        "type": "index_value",
        "index": [
            10,
            20,
            30,
            40,
            50,
            60,
            70,
            80,
            90,
            100
        ],
        "value": [
            72.66933178326964,
            95.56163712005703,
            97.68309061584999,
            95.02844379504671,
            98.24536257079384,
            97.56409987124512,
            98.39900760771894,
            98.2237887579616,
            97.93461474529636,
            97.50686802790321
        ]
    },
    "train_kappa": {
        "type": "index_value",
        "index": [
            10,
            20,
            30,
            40,
            50,
            60,
            70,
            80,
            90,
            100
        ],
        "value": [
            82.73878704472459,
            96.50571644167233,
            98.14980457198105,
            95.55030546085253,
            98.20471505979086,
            96.32317562644788,
            98.66380594651402,
            97.98166032810876,
            98.1777845568152,
            98.31518588863972
        ]
    },
    "max_oa": {
        "type": "index_value",
        "index": [
            10,
            20,
            30,
            40,
            50,
            60,
            70,
            80,
            90,
            100
        ],
        "value": [
            85.09885281913596,
            96.93678301195997,
            98.37686111789114,
            98.37686111789114,
            98.42567732487186,
            98.42567732487186,
            98.82841103246278,
            98.82841103246278,
            98.82841103246278,
            98.82841103246278
        ]
    },
    "eval_time": 1.5083959102630615,
    "param": {
        "data": {
            "data_sign": "Indian",
            "data_file": "Indian_0.2_pc",
            "patch_size": 13,
            "serve_patch_size": 9,
            "batch_size": 64,
            "num_classes": 16,
            "pca": -1,
            "dim_heads": 64,
            "spectral_size": 200,
            "random_rotate": true,
            "use_saved_pca": false,
            "noise_type": "clean"
        },
        "net": {
            "trainer": "transformer",
            "use_mask": true,
            "mlp_dim": 8,
            "depth": 2,
            "dim": 64,