{
    "epoch_loss": {
        "type": "index_value",
        "index": [
            1,
            2,
            3,
            4,
            5,
            6,
            7,
            8,
            9,
            10,
            11,
            12,
            13,
            14,
            15,
            16,
            17,
            18,
            19,
            20,
            21,
            22,
            23,
            24,
            25,
            26,
            27,
            28,
            29,
            30,
            31,
            32,
            33,
            34,
            35,
            36,
            37,
            38,
            39,
            40,
            41,
            42,
            43,
            44,
            45,
            46,
            47,
            48,
            49,
            50,
            51,
            52,
            53,
            54,
            55,
            56,
            57,
            58,
            59,
            60,
            61,
            62,
            63,
            64,
            65,
            66,
            67,
            68,
            69,
            70,
            71,
            72,
            73,
            74,
            75,
            76,
            77,
            78,
            79,
            80,
            81,
            82,
            83,
            84,
            85,
            86,
            87,
            88,
            89,
            90,
            91,
            92,
            93,
            94,
            95,
            96,
            97,
            98,
            99,
            100
        ],
        "value": [
            2.191313642925686,
            1.6207922908994887,
            1.414895764986674,
            1.2410871982574463,
            1.1358364158206515,
            1.0347113715277778,
            0.9365732192993164,
            0.8678611808353001,
            0.7887060787942675,
            0.7205866535504659,
            0.6266950647036235,
            0.619298513730367,
            0.5503875162866381,
            0.5133477316962348,
            0.43044637044270834,
            0.38811358743243746,
            0.3754634274376763,
            0.3146661116017236,
            0.328057285812166,
            0.25973529749446445,
            0.23383771644698248,
            0.26140048040284053,
            0.2090280916955736,
            0.19893642597728306,
            0.21936055289374456,
            0.20468671123186746,
            0.1723899053202735,
            0.3271238194571601,
            0.17577217784192828,
            0.24655221667554644,
            0.1666006518734826,
            0.1393224040667216,
            0.14743892782264287,
            0.13659788221120833,
            0.1351843641863929,
            0.08496538334422642,
            0.09919445382224189,
            0.10970086455345154,
            0.07411142422093285,
            0.06751611861917707,
            0.07194094591670566,
            0.07214001913865407,
            0.059752332336372796,
            0.057369775738981034,
            0.08255050083001454,
            0.04381241450707118,
            0.05507112857368257,
            0.051145969496832956,
            0.03611893148885833,
            0.03560029971930716,
            0.04890993369950188,
            0.03321854381097688,
            0.045217383404572806,
            0.03188143322865168,
            0.06950912674268087,
            0.0351747596429454,
            0.038515712486373054,
            0.09749372535281711,
            0.0654384655257066,
            0.03900202645195855,
            0.031381453325351076,
            0.027856776780552334,
            0.025971308267778822,
            0.04654865612586339,
            0.01989748018483321,
            0.029254971858527927,
            0.03550329473283556,
            0.025147242926888996,
            0.031714625159899396,
            0.03270846630136172,
            0.0269366388519605,
            0.02397102105120818,
            0.022050840531786284,
            0.020597532557116615,
            0.026330279227760104,
            0.01849837563931942,
            0.020886072433657116,
            0.027503488957881926,
            0.016773021842042605,
            0.018495058599445554,
            0.015402097586128446,
            0.013377834277020561,
            0.01755601569182343,
            0.016404303701387513,
            0.01311153947479195,
            0.014911907373203172,
            0.013119034365647368,
            0.013281386925114526,
            0.058112222287389964,
            0.02578230583005481,
            0.1522062447335985,
            0.025839974855383238,
            0.11719091071022882,
            0.06353650523556603,
            0.061796472635534075,
            0.025854597157902188,
            0.058053721735874815,
            0.0633264680703481,
            0.08916482859187656,
            0.10718855890962813
        ]
    },
    "train_oa": {
        "type": "index_value",
        "index": [
            10,
            20,
            30,
            40,
            50,
            60,
            70,
            80,
            90,
            100
        ],
        "value": [
            54.924331162442016,
            72.09155226537976,
            64.37942182448579,
            81.30066063814834,
            76.82846835027878,
            76.67385091130582,
            77.92250386543597,
            74.8043855128145,
            80.5299161317528,
            77.83348170360306
        ]
    },
    "train_aa": {
        "type": "index_value",
        "index": [
            10,
            20,
            30,
            40,
            50,
            60,
            70,
            80,
            90,
            100
        ],
        "value": [
            48.60840230324491,
            74.40361123188904,
            75.71242197626364,
            82.72935496844957,
            87.10204927070959,
            86.15971420890907,
            81.70515599781376,
            78.69598765311486,
            83.40876874284852,
            77.26233769795479
        ]
    },
    "train_kappa": {
        "type": "index_value",
        "index": [
            10,
            20,
            30,
            40,
            50,
            60,
            70,
            80,
            90,
            100
        ],
        "value": [
            39.81232072357346,
            64.41715665759871,
            57.400418287527955,
            75.09537637449485,
            71.2444779990322,
            71.19674424164471,
            72.12358259150827,
            68.43578941531844,
            75.12592220101433,
            69.7817202268405
        ]
    },
    "max_oa": {
        "type": "index_value",
        "index": [
            10,
            20,
            30,
            40,
            50,
            60,
            70,
            80,
            90,
            100
        ],
        "value": [
            54.924331162442016,
            72.09155226537976,
            72.09155226537976,
            81.30066063814834,
            81.30066063814834,
            81.30066063814834,
            81.30066063814834,
            81.30066063814834,
            81.30066063814834,
            81.30066063814834
        ]
    },
    "eval_time": 6.984179258346558,
    "param": {
        "data": {
            "data_sign": "Pavia",
            "data_file": "Pavia_10",
            "patch_size": 13,
            "serve_patch_size": 13,
            "batch_size": 64,
            "num_classes": 9,
            "pca": -1,
            "dim_heads": 64,
            "spectral_size": 103,
            "random_rotate": false,
            "noise_type": "clean"
        },
        "net": {
            "trainer": "transformer",
            "use_mask": false,
            "net_type": "just_pixel",
            "mlp_head_dim": 64,
            "depth": 2,
            "dim": 64,