{
    "epoch_loss": {
        "type": "index_value",
        "index": [
            1,
            2,
            3,
            4,
            5,
            6,
            7,
            8,
            9,
            10,
            11,
            12,
            13,
            14,
            15,
            16,
            17,
            18,
            19,
            20,
            21,
            22,
            23,
            24,
            25,
            26,
            27,
            28,
            29,
            30,
            31,
            32,
            33,
            34,
            35,
            36,
            37,
            38,
            39,
            40,
            41,
            42,
            43,
            44,
            45,
            46,
            47,
            48,
            49,
            50,
            51,
            52,
            53,
            54,
            55,
            56,
            57,
            58,
            59,
            60,
            61,
            62,
            63,
            64,
            65,
            66,
            67,
            68,
            69,
            70,
            71,
            72,
            73,
            74,
            75,
            76,
            77,
            78,
            79,
            80,
            81,
            82,
            83,
            84,
            85,
            86,
            87,
            88,
            89,
            90,
            91,
            92,
            93,
            94,
            95,
            96,
            97,
            98,
            99,
            100
        ],
        "value": [
            2.388942485385471,
            1.6696305327945284,
            1.4213963137732613,
            1.2423385699590048,
            1.1397645513216654,
            1.0480534924401177,
            0.9614477237065633,
            0.894980173640781,
            0.851503336429596,
            0.7801515844133166,
            0.7366433289315966,
            0.6260907875166999,
            0.6326342741648356,
            0.5769054585032993,
            0.5128793285952674,
            0.5124360654089186,
            0.4178690870602926,
            0.4010050760375129,
            0.448962222205268,
            0.3501360880004035,
            0.39173377288712397,
            0.3015417906973097,
            0.3012167592843374,
            0.25691421661112046,
            0.24862345589531792,
            0.261644850174586,
            0.215175637933943,
            0.18892995980050828,
            0.17526506317986382,
            0.17375737163755628,
            0.13947230958276324,
            0.19367979168891908,
            0.16026653481854333,
            0.15693778528107538,
            0.13388524187935724,
            0.1164742155207528,
            0.11186684568723043,
            0.1158153086900711,
            0.10126110712687174,
            0.08669564939207501,
            0.1090681168768141,
            0.0691402887304624,
            0.08756974173916711,
            0.08021807455354267,
            0.07711947758992513,
            0.07271413405736288,
            0.0980086796813541,
            0.09769228316015667,
            0.08747773965199789,
            0.05855721682310104,
            0.12020975963936911,
            0.07647429936461979,
            0.0733261239197519,
            0.07017477088504367,
            0.09818985727098253,
            0.06722360551357269,
            0.05146479937765333,
            0.062381470534536576,
            0.048951598836316,
            0.03417445710963673,
            0.046722845402028826,
            0.035172419084442984,
            0.05029537114832136,
            0.03510803232590357,
            0.031460574186510507,
            0.03950615260336134,
            0.025215766496128507,
            0.03673911450637712,
            0.0462482781873809,
            0.03675317019224167,
            0.026197567789091006,
            0.038698750568760765,
            0.023108322297533353,
            0.025285928365257053,
            0.05617211071981324,
            0.030104057076904507,
            0.049598860243956246,
            0.021530373187528717,
            0.05464501774145497,
            0.03237727019521925,
            0.03781470615002844,
            0.018877427900830905,
            0.026947256094879576,
            0.0320100540916125,
            0.018475049568547144,
            0.03887626561853621,
            0.023165932753019862,
            0.023361424398091104,
            0.05906041512886683,
            0.042697658679551546,
            0.018700646526283688,
            0.0424591225054529,
            0.017776145868831212,
            0.018813011174400648,
            0.03586775056189961,
            0.028411169764068392,
            0.018566751728455226,
            0.013800068572163583,
            0.015217904870708784,
            0.027067296620872285
        ]
    },
    "train_oa": {
        "type": "index_value",
        "index": [
            10,
            20,
            30,
            40,
            50,
            60,
            70,
            80,
            90,
            100
        ],
        "value": [
            56.75397085695544,
            72.84589795249028,
            76.44192475284638,
            67.29606896874853,
            63.84294616501898,
            74.55137515813148,
            81.8839900670009,
            82.78592512767652,
            78.92517453029096,
            80.71264583235721
        ]
    },
    "train_aa": {
        "type": "index_value",
        "index": [
            10,
            20,
            30,
            40,
            50,
            60,
            70,
            80,
            90,
            100
        ],
        "value": [
            50.62766506853475,
            73.22904099313699,
            85.24638885012288,
            64.38492432652352,
            66.53150167404449,
            74.98242602506292,
            82.37594144976742,
            83.47389037703783,
            76.66273582780282,
            81.52717057074693
        ]
    },
    "train_kappa": {
        "type": "index_value",
        "index": [
            10,
            20,
            30,
            40,
            50,
            60,
            70,
            80,
            90,
            100
        ],
        "value": [
            41.82681640209236,
            63.76336027880931,
            70.61636178989616,
            58.71368392600969,
            55.31230755685572,
            66.05894361092744,
            76.59715131938678,
            77.3353369963841,
            72.93186791675019,
            74.47179233521564
        ]
    },
    "max_oa": {
        "type": "index_value",
        "index": [
            10,
            20,
            30,
            40,
            50,
            60,
            70,
            80,
            90,
            100
        ],
        "value": [
            56.75397085695544,
            72.84589795249028,
            76.44192475284638,
            76.44192475284638,
            76.44192475284638,
            76.44192475284638,
            81.8839900670009,
            82.78592512767652,
            82.78592512767652,
            82.78592512767652
        ]
    },
    "eval_time": 8.256079912185669,
    "param": {
        "data": {
            "data_sign": "Pavia",
            "data_file": "Pavia_10",
            "patch_size": 13,
            "serve_patch_size": 13,
            "batch_size": 64,
            "num_classes": 9,
            "pca": -1,
            "dim_heads": 64,
            "spectral_size": 103,
            "random_rotate": false,
            "noise_type": "clean"
        },
        "net": {
            "trainer": "transformer",
            "use_mask": true,
            "net_type": "just_pixel",
            "mlp_head_dim": 64,
            "depth": 2,
            "dim": 64,
            "heads": 20,