{
    "epoch_loss": {
        "type": "index_value",
        "index": [
            1,
            2,
            3,
            4,
            5,
            6,
            7,
            8,
            9,
            10,
            11,
            12,
            13,
            14,
            15,
            16,
            17,
            18,
            19,
            20,
            21,
            22,
            23,
            24,
            25,
            26,
            27,
            28,
            29,
            30,
            31,
            32,
            33,
            34,
            35,
            36,
            37,
            38,
            39,
            40,
            41,
            42,
            43,
            44,
            45,
            46,
            47,
            48,
            49,
            50,
            51,
            52,
            53,
            54,
            55,
            56,
            57,
            58,
            59,
            60,
            61,
            62,
            63,
            64,
            65,
            66,
            67,
            68,
            69,
            70,
            71,
            72,
            73,
            74,
            75,
            76,
            77,
            78,
            79,
            80,
            81,
            82,
            83,
            84,
            85,
            86,
            87,
            88,
            89,
            90,
            91,
            92,
            93,
            94,
            95,
            96,
            97,
            98,
            99,
            100
        ],
        "value": [
            2.199331596162584,
            1.9821518394682143,
            1.5521799246470134,
            1.2422769202126398,
            1.0211276451746623,
            0.9057876427968343,
            0.7979405297173394,
            0.6912475016382006,
            0.5970665375391643,
            0.5277312517166137,
            0.4553263174162971,
            0.4175258305337694,
            0.3805277791288164,
            0.3105440285470751,
            0.3014479915301005,
            0.2695622477266524,
            0.23304084473186068,
            0.21872309777471755,
            0.19806950489679973,
            0.1425048228767183,
            0.1576994667450587,
            0.13240079250600603,
            0.11407678210073047,
            0.1045242503285408,
            0.08876397543483311,
            0.08023028406831953,
            0.08271493613719941,
            0.07039253546131982,
            0.06322445273399353,
            0.06537102046940062,
            0.05589276999235153,
            0.05051261120372348,
            0.04647891264822748,
            0.04185545684562789,
            0.03917236195670234,
            0.0363993893067042,
            0.03320782027310795,
            0.03501263939672046,
            0.02786270495918062,
            0.032751946896314624,
            0.024800125675068962,
            0.028431183844804763,
            0.0250720816767878,
            0.02554756270514594,
            0.023877153048912685,
            0.02368168979883194,
            0.019619331922796038,
            0.020444328462084136,
            0.018934432665506998,
            0.021120043843984602,
            0.018983494573169283,
            0.015345160745912127,
            0.019542390108108522,
            0.015534513485100534,
            0.016744010398785272,
            0.017739765304658147,
            0.019912744479046927,
            0.015520604989594884,
            0.014565036859777239,
            0.014018284695016012,
            0.012819359906845622,
            0.012790466244849894,
            0.012367164178027048,
            0.013908601428071658,
            0.012854511125220193,
            0.013965439258350266,
            0.012642712622053093,
            0.01454472252064281,
            0.01103163587136401,
            0.01413836061126656,
            0.010024915801154242,
            0.010148635113404856,
            0.011033989033765262,
            0.010227771724263828,
            0.010649664762119452,
            0.00979550557418002,
            0.010596087616350915,
            0.010020690080192353,
            0.009257308538589212,
            0.010997194879584843,
            0.011412917201717694,
            0.007873471971187327,
            0.010460962520705329,
            0.008459173536135092,
            0.007983179224861994,
            0.011975970450374815,
            0.009771980469425519,
            0.007807705199552907,
            0.007855364866554738,
            0.006443149141139455,
            0.01079519498679373,
            0.00754649495292041,
            0.01093908730480406,
            0.014205327133337657,
            0.006438965412477652,
            0.008750990798903836,
            0.008241892502539688,
            0.007908230626748667,
            0.00980381839391258,
            0.007824648378623856
        ]
    },
    "train_oa": {
        "type": "index_value",
        "index": [
            10,
            20,
            30,
            40,
            50,
            60,
            70,
            80,
            90,
            100
        ],
        "value": [
            60.45776132689875,
            85.95323993815302,
            87.26748816942323,
            86.43114838588765,
            88.15770978775242,
            86.11488544253385,
            87.11287073045027,
            88.67544393946493,
            87.754767371035,
            89.45555919973762
        ]
    },
    "train_aa": {
        "type": "index_value",
        "index": [
            10,
            20,
            30,
            40,
            50,
            60,
            70,
            80,
            90,
            100
        ],
        "value": [
            82.07959604283819,
            89.55421750946346,
            89.96663133433746,
            88.91288660986727,
            89.8461942946664,
            89.22247105111794,
            89.84658528462539,
            89.93137478095797,
            89.56557553230286,
            90.39108064011914
        ]
    },
    "train_kappa": {
        "type": "index_value",
        "index": [
            10,
            20,
            30,
            40,
            50,
            60,
            70,
            80,
            90,
            100
        ],
        "value": [
            53.81047813655826,
            81.85420646046364,
            83.42045319579906,
            82.3537249535421,
            84.49516812354278,
            82.011023383767,
            83.24758864291606,
            85.1244327004642,
            83.99436340920059,
            86.12765893521032
        ]
    },
    "max_oa": {
        "type": "index_value",
        "index": [
            10,
            20,
            30,
            40,
            50,
            60,
            70,
            80,
            90,
            100
        ],
        "value": [
            60.45776132689875,
            85.95323993815302,
            87.26748816942323,
            87.26748816942323,
            88.15770978775242,
            88.15770978775242,
            88.15770978775242,
            88.67544393946493,
            88.67544393946493,
            89.45555919973762
        ]
    },
    "eval_time": 9.198472499847412,
    "param": {
        "data": {
            "data_sign": "Pavia",
            "data_file": "Pavia_10",
            "patch_size": 13,
            "serve_patch_size": 13,
            "batch_size": 64,
            "num_classes": 9,
            "pca": 10,
            "dim_heads": 64,
            "spectral_size": 10,
            "random_rotate": false,
            "noise_type": "clean"
        },
        "net": {
            "trainer": "sqs",
            "use_mask": false,
            "net_type": "just_pixel",
            "mlp_head_dim": 64,
            "depth": 2,
            "dim": 64,