{
    "epoch_loss": {
        "type": "index_value",
        "index": [
            1,
            2,
            3,
            4,
            5,
            6,
            7,
            8,
            9,
            10,
            11,
            12,
            13,
            14,
            15,
            16,
            17,
            18,
            19,
            20,
            21,
            22,
            23,
            24,
            25,
            26,
            27,
            28,
            29,
            30,
            31,
            32,
            33,
            34,
            35,
            36,
            37,
            38,
            39,
            40,
            41,
            42,
            43,
            44,
            45,
            46,
            47,
            48,
            49,
            50,
            51,
            52,
            53,
            54,
            55,
            56,
            57,
            58,
            59,
            60,
            61,
            62,
            63,
            64,
            65,
            66,
            67,
            68,
            69,
            70,
            71,
            72,
            73,
            74,
            75,
            76,
            77,
            78,
            79,
            80,
            81,
            82,
            83,
            84,
            85,
            86,
            87,
            88,
            89,
            90,
            91,
            92,
            93,
            94,
            95,
            96,
            97,
            98,
            99,
            100
        ],
        "value": [
            0.46129932603488655,
            0.12884660845578455,
            0.05652799030892563,
            0.049814777381302015,
            0.03549716234308143,
            0.025128810600988996,
            0.025048309626315875,
            0.022422714723475654,
            0.028209006927905726,
            0.019844877774117427,
            0.03286414442714073,
            0.008656755957991228,
            0.027775400100446948,
            0.009202440369627859,
            0.006171167324936802,
            0.011079367791675445,
            0.021888588876625623,
            0.010702703186052043,
            0.011764818255685759,
            0.007914188629574334,
            0.014460768036328415,
            0.014610347678424753,
            0.014376861946846654,
            0.008392788029268652,
            0.015568733429023115,
            0.007563063944406985,
            0.004040630637157903,
            0.0017625232148575124,
            0.011020743989013048,
            0.014894551692471638,
            0.00454658946953333,
            0.01448329521500255,
            0.007746858695898702,
            0.0011194279174100764,
            0.003056267896734812,
            0.0060116073739845295,
            0.004299449686916666,
            0.006637597566990795,
            0.013480297425166765,
            0.01109555795558927,
            0.011606618740496193,
            0.01624159520214672,
            0.001567519528566966,
            0.0008665722976622615,
            0.00034219185176326587,
            0.0019759152731797253,
            0.0018224881402146987,
            0.0023663918566714038,
            0.00818726048159162,
            0.008620666813394927,
            0.006366919200255391,
            0.006440335217512688,
            0.0037110564831795184,
            0.005183914730557791,
            0.014864168818640673,
            0.01380862571950066,
            0.004523659749169041,
            0.004679125522607888,
            0.011181369138180786,
            0.003128248448681163,
            0.0009922047570465671,
            0.0019149421101970784,
            0.0020484610427649874,
            0.0032955506861954338,
            0.01268240359575244,
            0.000911034829366365,
            0.004930956787004789,
            0.01147753354150143,
            0.004627200507452343,
            0.0037055159049045722,
            0.0033257879964259896,
            0.0024185469547636173,
            0.0036763032766319375,
            0.004615317273534977,
            0.0028220342154318405,
            0.00038408223819148124,
            0.0007021716516170102,
            0.0002875226036538878,
            0.006152969589197641,
            0.004072838968890472,
            0.0019621092356113725,
            0.012081320076005772,
            0.005272110068789054,
            0.0017582796992135592,
            0.00647890095443213,
            0.002349849357912587,
            0.012799380753042357,
            0.005032164566746449,
            0.006200462444668804,
            0.005204610371955715,
            0.0012044132163010423,
            0.003299121305162956,
            0.001890014408654802,
            0.0012550595371149218,
            0.0001734647494607678,
            0.000852653081136393,
            0.00031777839551649294,
            0.00046913188590133126,
            0.0001737313288312322,
            0.000916869960093974
        ]
    },
    "train_oa": {
        "type": "index_value",
        "index": [
            10,
            20,
            30,
            40,
            50,
            60,
            70,
            80,
            90,
            100
        ],
        "value": [
            99.62885031270092,
            99.65807469752762,
            99.87141270676251,
            99.68729908235431,
            99.79835174469578,
            99.89479221462389,
            99.75451516745572,
            99.12619089368168,
            99.89771465310655,
            99.92401659945058
        ]
    },
    "train_aa": {
        "type": "index_value",
        "index": [
            10,
            20,
            30,
            40,
            50,
            60,
            70,
            80,
            90,
            100
        ],
        "value": [
            99.18350723182812,
            99.54900443926074,
            99.72006311702224,
            99.57760075717513,
            99.68002932736229,
            99.78766503774938,
            99.6541734971371,
            98.22564524138302,
            99.8120872000952,
            99.83542028858534
        ]
    },
    "train_kappa": {
        "type": "index_value",
        "index": [
            10,
            20,
            30,
            40,
            50,
            60,
            70,
            80,
            90,
            100
        ],
        "value": [
            99.50783124699181,
            99.54694959002043,
            99.82958137386055,
            99.58564855777558,
            99.7326680853764,
            99.86057017457009,
            99.67469529098936,
            98.8407524866601,
            99.86444077413427,
            99.89930316643024
        ]
    },
    "max_oa": {
        "type": "index_value",
        "index": [
            10,
            20,
            30,
            40,
            50,
            60,
            70,
            80,
            90,
            100
        ],
        "value": [
            99.62885031270092,
            99.65807469752762,
            99.87141270676251,
            99.87141270676251,
            99.87141270676251,
            99.89479221462389,
            99.89479221462389,
            99.89479221462389,
            99.89771465310655,
            99.92401659945058
        ]
    },
    "eval_time": 5.180428981781006,
    "param": {
        "data": {
            "data_sign": "Pavia",
            "data_file": "Pavia_0.2_pc",
            "patch_size": 13,
            "serve_patch_size": 13,
            "batch_size": 64,
            "num_classes": 9,
            "pca": -1,
            "dim_heads": 64,
            "spectral_size": 103,
            "random_rotate": false,
            "noise_type": "clean"
        },
        "net": {
            "trainer": "transformer",
            "use_mask": false,