{
    "epoch_loss": {
        "type": "index_value",
        "index": [
            1,
            2,
            3,
            4,
            5,
            6,
            7,
            8,
            9,
            10,
            11,
            12,
            13,
            14,
            15,
            16,
            17,
            18,
            19,
            20,
            21,
            22,
            23,
            24,
            25,
            26,
            27,
            28,
            29,
            30,
            31,
            32,
            33,
            34,
            35,
            36,
            37,
            38,
            39,
            40,
            41,
            42,
            43,
            44,
            45,
            46,
            47,
            48,
            49,
            50
        ],
        "value": [
            0.4663499630961526,
            0.14538338787019683,
            0.10202326867089535,
            0.07257472606191682,
            0.06718993608951464,
            0.05017520350189263,
            0.046248979847351504,
            0.034138423099797845,
            0.04541461057064271,
            0.03113040572489832,
            0.032539187419265474,
            0.042897693587362166,
            0.020316460365954057,
            0.03174770472516406,
            0.024737755098728605,
            0.025881489191868577,
            0.022326755569485997,
            0.024920959723188335,
            0.02622619741967374,
            0.022540523116260272,
            0.017876532477145823,
            0.012041783592336468,
            0.01913814350865132,
            0.023000107636402305,
            0.01615276921463886,
            0.022773926081251224,
            0.018297532751379682,
            0.008361467034918359,
            0.018243785974767463,
            0.023829791500300804,
            0.024486836929610564,
            0.011479267917839963,
            0.005233757982021152,
            0.014645956884560309,
            0.013289409574577431,
            0.007729477658103886,
            0.01689560125797611,
            0.02552996696138175,
            0.013806172330663754,
            0.007065777382017885,
            0.013352451202903421,
            0.012797662309673686,
            0.013269993779088973,
            0.014534090596531305,
            0.01855699036700891,
            0.016615526528626794,
            0.008446687534458014,
            0.011095938869895856,
            0.004261034391524427,
            0.007518089944128923
        ]
    },
    "train_oa": {
        "type": "index_value",
        "index": [
            10,
            20,
            30,
            40,
            50
        ],
        "value": [
            98.96545677713485,
            99.4856508270501,
            97.910456484891,
            99.74574785200771,
            99.88018002221052
        ]
    },
    "train_aa": {
        "type": "index_value",
        "index": [
            10,
            20,
            30,
            40,
            50
        ],
        "value": [
            97.38958798278907,
            99.14032692593264,
            97.2087260411252,
            99.62544594200185,
            99.6959736042364
        ]
    },
    "train_kappa": {
        "type": "index_value",
        "index": [
            10,
            20,
            30,
            40,
            50
        ],
        "value": [
            98.62770592132136,
            99.31822814078248,
            97.23245754209744,
            99.66316655380693,
            99.84118224839112
        ]
    },
    "max_oa": {
        "type": "index_value",
        "index": [
            10,
            20,
            30,
            40,
            50
        ],
        "value": [
            98.96545677713485,
            99.4856508270501,
            99.4856508270501,
            99.74574785200771,
            99.88018002221052
        ]
    },
    "eval_time": 6.0662970542907715,
    "param": {
        "data": {
            "data_sign": "Pavia",
            "data_file": "Pavia_0.2_pc",
            "patch_size": 13,
            "serve_patch_size": 13,
            "batch_size": 64,
            "num_classes": 9,
            "pca": -1,
            "dim_heads": 64,
            "spectral_size": 103,
            "random_rotate": true,
            "noise_type": "clean"
        },
        "net": {
            "trainer": "transformer",
            "use_mask": false,
            "net_type": "just_pixel",
            "mlp_head_dim": 64,
            "depth": 2,
            "dim": 64,
            "heads": 20,
            "mask_pct": 50
        },
        "train": {
            "epochs": 50,
            "lr": 0.001,
            "weight_decay": 0,
            "temp": 20
        },
        "uniq_name": "pavia_0.2tranNEW02_split",
        "train_sign": "train",
        "path_model_save": "./save_models/pavia_0.2tranNEW02_split",
        "path_res": "./res_base/pavia_0.2tranNEW02_split_01111155",
        "path_pic": "./res_base/pavia_0.2tranNEW02_split_01111155.png"
    },
    "eval": {
        "classification": "              precision    recall  f1-score   support\n\n           0     0.9998    0.9998    0.9998      5304\n           1     0.9988    0.9999    0.9994     14919\n           2     0.9976    0.9917    0.9946      1679\n           3     0.9988    0.9984    0.9986      2451\n           4     1.0000    0.9981    0.9991      1076\n           5     1.0000    0.9995    0.9998      4023\n           6     1.0000    1.0000    1.0000      1064\n           7     0.9949    0.9976    0.9963      2945\n           8     0.9973    0.9841    0.9907       757\n\n    accuracy                         0.9987     34218\n   macro avg     0.9986    0.9966    0.9976     34218\nweighted avg     0.9987    0.9987    0.9987     34218\n",
        "oa": 99.8743351452452,
        "confusion": "[[ 5303     0     0     0     0     0     0     1     0]\n [    0 14918     0     1     0     0     0     0     0]\n [    0     0  1665     0     0     0     0    14     0]\n [    0     4     0  2447     0     0     0     0     0]\n [    0     0     0     0  1074     0     0     0     2]\n [    0     2     0     0     0  4021     0     0     0]\n [    0     0     0     0     0     0  1064     0     0]\n [    1     0     4     2     0     0     0  2938     0]\n [    0    12     0     0     0     0     0     0   745]]",
        "each_acc": "[ 99.9811463   99.99329714  99.16617034  99.83680131  99.81412639\n  99.95028586 100.          99.762309    98.41479524]",
        "aa": 99.65765906452188,
        "kappa": 99.8334373012057
    }
}