{
    "epoch_loss": {
        "type": "index_value",
        "index": [
            1,
            2,
            3,
            4,
            5,
            6,
            7,
            8,
            9,
            10,
            11,
            12,
            13,
            14,
            15,
            16,
            17,
            18,
            19,
            20,
            21,
            22,
            23,
            24,
            25,
            26,
            27,
            28,
            29,
            30,
            31,
            32,
            33,
            34,
            35,
            36,
            37,
            38,
            39,
            40,
            41,
            42,
            43,
            44,
            45,
            46,
            47,
            48,
            49,
            50
        ],
        "value": [
            2.1433502223756578,
            1.598923150698344,
            1.3290521250830756,
            1.162792870733473,
            1.0560333410898843,
            0.922089962164561,
            0.8502936204274495,
            0.8258428441153632,
            0.6948200146357218,
            0.692309402094947,
            0.6185250600179036,
            0.5601766215430366,
            0.561761044131385,
            0.5368328995174831,
            0.43261354896757337,
            0.3973318484094408,
            0.39001867638693916,
            0.33892022636201646,
            0.2757485939396752,
            0.3075258241759406,
            0.2186995122167799,
            0.2089582595560286,
            0.1775095992618137,
            0.181804225842158,
            0.15188439024819267,
            0.13472099900245665,
            0.11214798556433783,
            0.11301380892594655,
            0.16262540022532146,
            0.11253539754284753,
            0.09870574788914786,
            0.08921258995930353,
            0.09632931219206917,
            0.08249960243701934,
            0.07302639103598065,
            0.06492859092023638,
            0.05896900842587153,
            0.05724351853132248,
            0.05944667955239614,
            0.05099432559476958,
            0.05086517035961151,
            0.04359716268049346,
            0.043727735181649525,
            0.03787823013133473,
            0.03795326327284177,
            0.03626184893978967,
            0.04289944585826662,
            0.04076667030652364,
            0.04350125888983409,
            0.03291635827885734
        ]
    },
    "train_oa": {
        "type": "index_value",
        "index": [
            10,
            20,
            30,
            40,
            50
        ],
        "value": [
            65.0049196457855,
            77.5664152181043,
            72.74281965984163,
            78.00215527339175,
            80.5275734432835
        ]
    },
    "train_aa": {
        "type": "index_value",
        "index": [
            10,
            20,
            30,
            40,
            50
        ],
        "value": [
            62.72733564413122,
            85.75937119770464,
            87.47798173053806,
            87.24391457197578,
            88.52794135102712
        ]
    },
    "train_kappa": {
        "type": "index_value",
        "index": [
            10,
            20,
            30,
            40,
            50
        ],
        "value": [
            53.625887812709095,
            71.72274367240678,
            66.94378177308187,
            72.22835956966104,
            75.33121406803069
        ]
    },
    "max_oa": {
        "type": "index_value",
        "index": [
            10,
            20,
            30,
            40,
            50
        ],
        "value": [
            65.0049196457855,
            77.5664152181043,
            77.5664152181043,
            78.00215527339175,
            80.5275734432835
        ]
    },
    "eval_time": 6.497669696807861,
    "param": {
        "data": {
            "data_sign": "Pavia",
            "data_file": "Pavia_10",
            "patch_size": 13,
            "serve_patch_size": 13,
            "batch_size": 64,
            "num_classes": 9,
            "pca": -1,
            "dim_heads": 64,
            "spectral_size": 103,
            "random_rotate": false,
            "noise_type": "clean"
        },
        "net": {
            "trainer": "transformer",
            "use_mask": false,
            "net_type": "just_pixel",
            "mlp_head_dim": 64,
            "depth": 2,
            "dim": 64,
            "heads": 20,
            "mask_pct": 50
        },
        "train": {
            "epochs": 50,
            "lr": 0.001,
            "weight_decay": 0,
            "temp": 20
        },
        "uniq_name": "pavia_10base_split",
        "train_sign": "train",
        "path_model_save": "./save_models/pavia_10base_split",
        "path_res": "./res_base/pavia_10base_split_01101644",
        "path_pic": "./res_base/pavia_10base_split_01101644.png"
    },
    "eval": {
        "classification": "              precision    recall  f1-score   support\n\n           0     0.9878    0.7562    0.8566      6621\n           1     0.9310    0.7372    0.8228     18639\n           2     0.8686    0.7597    0.8105      2089\n           3     0.7681    0.9807    0.8615      3054\n           4     0.9838    1.0000    0.9918      1335\n           5     0.5223    0.7922    0.6295      5019\n           6     0.6512    0.9970    0.7878      1320\n           7     0.8682    0.9488    0.9067      3672\n           8     0.4386    0.9957    0.6090       937\n\n    accuracy                         0.8053     42686\n   macro avg     0.7800    0.8853    0.8085     42686\nweighted avg     0.8538    0.8053    0.8142     42686\n",
        "oa": 80.5275734432835,
        "confusion": "[[ 5007     1   103    11     0     0   680   114   705]\n [    0 13741     0   851     0  3630     0     0   417]\n [   38     0  1587     1     0     4    25   415    19]\n [    3    14     0  2995    21     1     0     0    20]\n [    0     0     0     0  1335     0     0     0     0]\n [    0   999     0    13     0  3976     0     0    31]\n [    3     0     0     0     0     0  1316     0     1]\n [   15     5   137    28     0     2     0  3484     1]\n [    3     0     0     0     1     0     0     0   933]]",
        "each_acc": "[ 75.62301767  73.72176619  75.96936333  98.0681074  100.\n  79.21896792  99.6969697   94.88017429  99.57310566]",
        "aa": 88.52794135102712,
        "kappa": 75.33121406803069
    }
}