{
    "epoch_loss": {
        "type": "index_value",
        "index": [
            1,
            2,
            3,
            4,
            5,
            6,
            7,
            8,
            9,
            10,
            11,
            12,
            13,
            14,
            15,
            16,
            17,
            18,
            19,
            20,
            21,
            22,
            23,
            24,
            25,
            26,
            27,
            28,
            29,
            30,
            31,
            32,
            33,
            34,
            35,
            36,
            37,
            38,
            39,
            40,
            41,
            42,
            43,
            44,
            45,
            46,
            47,
            48,
            49,
            50,
            51,
            52,
            53,
            54,
            55,
            56,
            57,
            58,
            59,
            60,
            61,
            62,
            63,
            64,
            65,
            66,
            67,
            68,
            69,
            70,
            71,
            72,
            73,
            74,
            75,
            76,
            77,
            78,
            79,
            80,
            81,
            82,
            83,
            84,
            85,
            86,
            87,
            88,
            89,
            90,
            91,
            92,
            93,
            94,
            95,
            96,
            97,
            98,
            99,
            100
        ],
        "value": [
            2.0957408163282607,
            1.4818007972505358,
            1.2348264482286242,
            1.0908012416627673,
            0.9735848334100511,
            0.8796216103765699,
            0.7893695049815708,
            0.719908352692922,
            0.6609233909183079,
            0.599045295185513,
            0.5226031382878621,
            0.4391153150134616,
            0.4259860542085436,
            0.3743911941846212,
            0.32127029034826493,
            0.32602263225449457,
            0.26233528720008004,
            0.23069343633121914,
            0.2173689322339164,
            0.26901684933238557,
            0.1664787044127782,
            0.17881358828809527,
            0.12675859216186736,
            0.13696336216396757,
            0.13017470240592957,
            0.1291398415962855,
            0.1663592404789395,
            0.16181622743606566,
            0.11401626931296455,
            0.14122973912292056,
            0.09296253754032982,
            0.09441892107327779,
            0.0771330561902788,
            0.06130850977367825,
            0.0722921426097552,
            0.061973932385444644,
            0.06293761829535166,
            0.0568100040157636,
            0.08769958317279816,
            0.05033255004220539,
            0.0373710750705666,
            0.042366548379262285,
            0.045864416244957185,
            0.036447950038645004,
            0.04491424212853114,
            0.02978255326549212,
            0.03593373936083582,
            0.044227099418640135,
            0.026055316337280802,
            0.04369132336643007,
            0.04175149434142643,
            0.029023354997237523,
            0.03305206696192423,
            0.02293735585278935,
            0.033419576121701135,
            0.028963192221191196,
            0.025004292238089774,
            0.023268838019834624,
            0.018280796623892256,
            0.021461499937706522,
            0.019031892799668843,
            0.02445567473769188,
            0.017483635909027524,
            0.017751517312394247,
            0.01718082966076003,
            0.025967793166637422,
            0.020078778018554053,
            0.019057402677006192,
            0.014909706223342154,
            0.020221867288152378,
            0.014485721662640571,
            0.013492315593692992,
            0.011876778428753216,
            0.011007956270542409,
            0.013317204763491948,
            0.011409135017957952,
            0.014876510823766391,
            0.012048659142520693,
            0.02096065522895919,
            0.009617273985511727,
            0.01734099504020479,
            0.039162765774461955,
            0.0167312018159363,
            0.021317800279292795,
            0.04266470852825377,
            0.023044195274511972,
            0.034199851585759056,
            0.01622330525683032,
            0.011600643789602651,
            0.012166346402631865,
            0.011680771224200725,
            0.0141610746168428,
            0.011885134710205926,
            0.008338000004490217,
            0.010490103231536017,
            0.009166865174969037,
            0.011362647927469677,
            0.012242080892125766,
            0.009044043430023723,
            0.008790216077533034
        ]
    },
    "train_oa": {
        "type": "index_value",
        "index": [
            10,
            20,
            30,
            40,
            50,
            60,
            70,
            80,
            90,
            100
        ],
        "value": [
            66.71039685142671,
            76.56842993018789,
            79.03762357681676,
            79.49444782832778,
            78.12866045073325,
            80.17851286135969,
            82.63833575411141,
            79.70528979056365,
            80.1035468303425,
            82.24710677974043
        ]
    },
    "train_aa": {
        "type": "index_value",
        "index": [
            10,
            20,
            30,
            40,
            50,
            60,
            70,
            80,
            90,
            100
        ],
        "value": [
            64.09847113485401,
            81.61246831462249,
            85.57785805022628,
            86.25120348361659,
            81.7207570055426,
            87.75386496006716,
            87.78257057612899,
            87.85448433695312,
            86.99573080138812,
            87.54008040068646
        ]
    },
    "train_kappa": {
        "type": "index_value",
        "index": [
            10,
            20,
            30,
            40,
            50,
            60,
            70,
            80,
            90,
            100
        ],
        "value": [
            57.073853585874886,
            69.82049620434638,
            73.10109940437945,
            73.56805949016075,
            71.90327005819195,
            74.82107471167222,
            77.43540100671186,
            74.33998962241162,
            74.63039424401236,
            77.1106136424232
        ]
    },
    "max_oa": {
        "type": "index_value",
        "index": [
            10,
            20,
            30,
            40,
            50,
            60,
            70,
            80,
            90,
            100
        ],
        "value": [
            66.71039685142671,
            76.56842993018789,
            79.03762357681676,
            79.49444782832778,
            79.49444782832778,
            80.17851286135969,
            82.63833575411141,
            82.63833575411141,
            82.63833575411141,
            82.63833575411141
        ]
    },
    "eval_time": 6.373341083526611,
    "param": {
        "data": {
            "data_sign": "Pavia",
            "data_file": "Pavia_10",
            "patch_size": 13,
            "serve_patch_size": 13,
            "batch_size": 64,
            "num_classes": 9,
            "pca": -1,
            "dim_heads": 64,
            "spectral_size": 103,
            "random_rotate": false,
            "noise_type": "clean"
        },
        "net": {
            "trainer": "transformer",
            "use_mask": false,
            "net_type": "just_pixel",
            "mlp_head_dim": 64,
            "depth": 2,
            "dim": 64,