{
    "epoch_loss": {
        "type": "index_value",
        "index": [
            1,
            2,
            3,
            4,
            5,
            6,
            7,
            8,
            9,
            10,
            11,
            12,
            13,
            14,
            15,
            16,
            17,
            18,
            19,
            20,
            21,
            22,
            23,
            24,
            25,
            26,
            27,
            28,
            29,
            30,
            31,
            32,
            33,
            34,
            35,
            36,
            37,
            38,
            39,
            40,
            41,
            42,
            43,
            44,
            45,
            46,
            47,
            48,
            49,
            50
        ],
        "value": [
            0.5257379329839748,
            0.1640004187867613,
            0.11361981072376252,
            0.07959926149804171,
            0.0641378649932901,
            0.051444072900572846,
            0.03904367180475427,
            0.05224002047763368,
            0.036993234912179485,
            0.02855730218519867,
            0.03441960236297489,
            0.034359891593567705,
            0.021320671370706985,
            0.02583335014636911,
            0.030592497601864856,
            0.017801931987839355,
            0.011324042188094855,
            0.04529586576576558,
            0.025955384073027662,
            0.008982081425583656,
            0.007856561611122472,
            0.01356650253840106,
            0.01846464521696277,
            0.015356451446648847,
            0.01791523018862541,
            0.0379162050198048,
            0.008424499236949642,
            0.012366467924798607,
            0.01712137980401415,
            0.01209653768356307,
            0.015344689107234157,
            0.007927892740794548,
            0.0019224197732209413,
            0.02621774777399385,
            0.015299974306404712,
            0.01827300594233544,
            0.01656981654069947,
            0.011056700984630267,
            0.010014575920353937,
            0.00865232565723835,
            0.012767489857455131,
            0.014310914262307933,
            0.01374372740250965,
            0.007296045513535895,
            0.0030712070670279213,
            0.003779280696729806,
            0.007794831778665212,
            0.012143386065077687,
            0.007575119702845418,
            0.005698574813798392
        ]
    },
    "train_oa": {
        "type": "index_value",
        "index": [
            10,
            20,
            30,
            40,
            50
        ],
        "value": [
            98.76965339879595,
            99.5820912969782,
            99.78958442924777,
            99.84218832193582,
            99.45350400374072
        ]
    },
    "train_aa": {
        "type": "index_value",
        "index": [
            10,
            20,
            30,
            40,
            50
        ],
        "value": [
            98.1818618658711,
            99.6997268347017,
            99.53660040154472,
            99.79837022434813,
            98.7927325116388
        ]
    },
    "train_kappa": {
        "type": "index_value",
        "index": [
            10,
            20,
            30,
            40,
            50
        ],
        "value": [
            98.36909112373495,
            99.44698018439637,
            99.7210851991264,
            99.7909106615975,
            99.2756396271469
        ]
    },
    "max_oa": {
        "type": "index_value",
        "index": [
            10,
            20,
            30,
            40,
            50
        ],
        "value": [
            98.76965339879595,
            99.5820912969782,
            99.78958442924777,
            99.84218832193582,
            99.84218832193582
        ]
    },
    "eval_time": 6.095358371734619,
    "param": {
        "data": {
            "data_sign": "Pavia",
            "data_file": "Pavia_0.2_pc",
            "patch_size": 13,
            "serve_patch_size": 13,
            "batch_size": 64,
            "num_classes": 9,
            "pca": -1,
            "dim_heads": 64,
            "spectral_size": 103,
            "random_rotate": true,
            "noise_type": "clean"
        },
        "net": {
            "trainer": "transformer",
            "use_mask": false,
            "net_type": "just_pixel",
            "mlp_head_dim": 64,
            "depth": 2,
            "dim": 64,
            "heads": 20,
            "mask_pct": 50
        },
        "train": {
            "epochs": 50,
            "lr": 0.001,
            "weight_decay": 0,
            "temp": 20
        },
        "uniq_name": "pavia_0.2tranNEW01_split",
        "train_sign": "train",
        "path_model_save": "./save_models/pavia_0.2tranNEW01_split",
        "path_res": "./res_base/pavia_0.2tranNEW01_split_01111005",
        "path_pic": "./res_base/pavia_0.2tranNEW01_split_01111005.png"
    },
    "eval": {
        "classification": "              precision    recall  f1-score   support\n\n           0     0.9936    0.9991    0.9963      5304\n           1     0.9994    0.9993    0.9993     14919\n           2     1.0000    0.9011    0.9480      1679\n           3     0.9939    1.0000    0.9969      2451\n           4     1.0000    1.0000    1.0000      1076\n           5     1.0000    0.9995    0.9998      4023\n           6     1.0000    0.9991    0.9995      1064\n           7     0.9536    0.9969    0.9748      2945\n           8     1.0000    0.9908    0.9954       757\n\n    accuracy                         0.9941     34218\n   macro avg     0.9934    0.9873    0.9900     34218\nweighted avg     0.9943    0.9941    0.9941     34218\n",
        "oa": 99.41258986498335,
        "confusion": "[[ 5299     0     0     0     0     0     0     5     0]\n [    0 14908     0    11     0     0     0     0     0]\n [   27     0  1513     1     0     0     0   138     0]\n [    0     0     0  2451     0     0     0     0     0]\n [    0     0     0     0  1076     0     0     0     0]\n [    0     2     0     0     0  4021     0     0     0]\n [    1     0     0     0     0     0  1063     0     0]\n [    6     0     0     3     0     0     0  2936     0]\n [    0     7     0     0     0     0     0     0   750]]",
        "each_acc": "[ 99.90573152  99.92626852  90.1131626  100.         100.\n  99.95028586  99.90601504  99.69439728  99.07529723]",
        "aa": 98.73012867112914,
        "kappa": 99.22139676422589
    }
}