{
    "epoch_loss": {
        "type": "index_value",
        "index": [
            1,
            2,
            3,
            4,
            5,
            6,
            7,
            8,
            9,
            10,
            11,
            12,
            13,
            14,
            15,
            16,
            17,
            18,
            19,
            20,
            21,
            22,
            23,
            24,
            25,
            26,
            27,
            28,
            29,
            30,
            31,
            32,
            33,
            34,
            35,
            36,
            37,
            38,
            39,
            40,
            41,
            42,
            43,
            44,
            45,
            46,
            47,
            48,
            49,
            50,
            51,
            52,
            53,
            54,
            55,
            56,
            57,
            58,
            59,
            60,
            61,
            62,
            63,
            64,
            65,
            66,
            67,
            68,
            69,
            70,
            71,
            72,
            73,
            74,
            75,
            76,
            77,
            78,
            79,
            80,
            81,
            82,
            83,
            84,
            85,
            86,
            87,
            88,
            89,
            90,
            91,
            92,
            93,
            94,
            95,
            96,
            97,
            98,
            99,
            100
        ],
        "value": [
            2.2543158769607543,
            1.6456534147262574,
            1.380584388309055,
            1.257525963253445,
            1.0923920419481066,
            1.014176442888048,
            0.9190829806857639,
            0.862663824028439,
            0.7546332730187311,
            0.7079888621966044,
            0.6178746978441875,
            0.5875483817524381,
            0.6046188791592916,
            0.5336219933297899,
            0.4893927077452342,
            0.4125823464658525,
            0.3905349499649472,
            0.34409235186047027,
            0.3110659042994181,
            0.28609969748391045,
            0.25695824490653146,
            0.23991363644599914,
            0.24208661119143168,
            0.21090739965438843,
            0.22133018374443053,
            0.2216330541504754,
            0.19102841549449498,
            0.18927452564239503,
            0.20596465004814996,
            0.15344609088367886,
            0.19596639672915142,
            0.15511253310574424,
            0.11896650195121765,
            0.1336574693520864,
            0.08840958244270748,
            0.0932455258236991,
            0.14507206744617887,
            0.07619261493285497,
            0.06753070818053351,
            0.07279602719677819,
            0.13380871415138246,
            0.09263469477494558,
            0.14737556179364522,
            0.1382651439971394,
            0.059567488647169535,
            0.06080569525559743,
            0.07273785306347741,
            0.05496220050586594,
            0.04563528680139118,
            0.050090767443180084,
            0.04521074261930254,
            0.04477107425530751,
            0.03383795561061965,
            0.04396561698781119,
            0.0308801655140188,
            0.04470947467618518,
            0.03684182340900103,
            0.030442117816872068,
            0.02496940348711279,
            0.034017407976918754,
            0.024604337786634765,
            0.026256351876589985,
            0.025150680955913333,
            0.025673093150059383,
            0.055895455678304035,
            0.03165055331256655,
            0.03694311868813303,
            0.021096969313091702,
            0.018656986330946288,
            0.0187192448725303,
            0.022299293180306753,
            0.021102005201909278,
            0.017271928530600337,
            0.016433586387170684,
            0.021870249923732547,
            0.015819860166973537,
            0.018312786809272237,
            0.015597128743926684,
            0.01756732530064053,
            0.014009056716329522,
            0.015564205290542709,
            0.012259983312752512,
            0.01474460835258166,
            0.01741078748471207,
            0.012167239147755835,
            0.013151523346702257,
            0.015118516526288456,
            0.013757475093007088,
            0.01291457809921768,
            0.01117149514870511,
            0.011789864715602663,
            0.011888596788048744,
            0.00946961800671286,
            0.010419976711273194,
            0.010120512959029939,
            0.015435707237985399,
            0.00976561334811979,
            0.010385357402265072,
            0.009096415713429451,
            0.009020031740268072
        ]
    },
    "train_oa": {
        "type": "index_value",
        "index": [
            10,
            20,
            30,
            40,
            50,
            60,
            70,
            80,
            90,
            100
        ],
        "value": [
            62.17260928641709,
            64.07487232347843,
            58.07993253057209,
            62.577894391603806,
            76.30370613315841,
            79.04230895375532,
            80.12228833809681,
            82.59148198472566,
            84.8638897999344,
            84.72332849177717
        ]
    },
    "train_aa": {
        "type": "index_value",
        "index": [
            10,
            20,
            30,
            40,
            50,
            60,
            70,
            80,
            90,
            100
        ],
        "value": [
            55.74992388630966,
            65.90964302780242,
            61.41909262769934,
            80.08116290622618,
            80.43910424623917,
            86.98083393363648,
            78.90942614925787,
            87.47591537597734,
            88.15314902706591,
            88.87524398644229
        ]
    },
    "train_kappa": {
        "type": "index_value",
        "index": [
            10,
            20,
            30,
            40,
            50,
            60,
            70,
            80,
            90,
            100
        ],
        "value": [
            48.02517899011192,
            54.79272213292771,
            48.59953804708056,
            56.141300779202695,
            69.55551943242797,
            73.51823743336394,
            74.01362697216733,
            77.52084501783783,
            80.22778998880204,
            80.23276930320824
        ]
    },
    "max_oa": {
        "type": "index_value",
        "index": [
            10,
            20,
            30,
            40,
            50,
            60,
            70,
            80,
            90,
            100
        ],
        "value": [
            62.17260928641709,
            64.07487232347843,
            64.07487232347843,
            64.07487232347843,
            76.30370613315841,
            79.04230895375532,
            80.12228833809681,
            82.59148198472566,
            84.8638897999344,
            84.8638897999344
        ]
    },
    "eval_time": 6.346911430358887,
    "param": {
        "data": {
            "data_sign": "Pavia",
            "data_file": "Pavia_10",
            "patch_size": 13,
            "serve_patch_size": 13,
            "batch_size": 64,
            "num_classes": 9,
            "pca": -1,
            "dim_heads": 64,
            "spectral_size": 103,
            "random_rotate": false,
            "noise_type": "clean"
        },
        "net": {
            "trainer": "transformer",
            "use_mask": true,
            "net_type": "just_pixel",
            "mlp_head_dim": 64,
            "depth": 2,
            "dim": 64,