{
    "epoch_loss": {
        "type": "index_value",
        "index": [
            1,
            2,
            3,
            4,
            5,
            6,
            7,
            8,
            9,
            10,
            11,
            12,
            13,
            14,
            15,
            16,
            17,
            18,
            19,
            20,
            21,
            22,
            23,
            24,
            25,
            26,
            27,
            28,
            29,
            30,
            31,
            32,
            33,
            34,
            35,
            36,
            37,
            38,
            39,
            40,
            41,
            42,
            43,
            44,
            45,
            46,
            47,
            48,
            49,
            50,
            51,
            52,
            53,
            54,
            55,
            56,
            57,
            58,
            59,
            60,
            61,
            62,
            63,
            64,
            65,
            66,
            67,
            68,
            69,
            70,
            71,
            72,
            73,
            74,
            75,
            76,
            77,
            78,
            79,
            80,
            81,
            82,
            83,
            84,
            85,
            86,
            87,
            88,
            89,
            90,
            91,
            92,
            93,
            94,
            95,
            96,
            97,
            98,
            99,
            100
        ],
        "value": [
            0.4661958636065236,
            0.10749412241989721,
            0.06141754490791094,
            0.04675699413809982,
            0.04589610693000778,
            0.02684459056513487,
            0.02223984216328786,
            0.022813413414053338,
            0.02129430837437796,
            0.020531398110347644,
            0.011920764667240345,
            0.017448946579232582,
            0.018382430236789215,
            0.019485843854103794,
            0.007818671128041473,
            0.0103963706996614,
            0.008334676356719327,
            0.019674498263059163,
            0.010198830336424387,
            0.009718293773123986,
            0.010722537852451988,
            0.01688874374644183,
            0.01683964975989857,
            0.016986894188965703,
            0.003853900674570567,
            0.002651138463091096,
            0.0006672966333174339,
            0.004891049683731847,
            0.014994205480230767,
            0.009769325554640766,
            0.006572346678267025,
            0.007681811505897729,
            0.012012925420585888,
            0.015046242497958022,
            0.018276841102790604,
            0.0077388103895514445,
            0.004937264062098586,
            0.001953897641145292,
            0.00126131908328963,
            0.010768617176734604,
            0.01164776267940677,
            0.007757879628216663,
            0.0018595023839065767,
            0.0004793439836281951,
            0.0036163395393609223,
            0.004300182533720881,
            0.006987723040943887,
            0.0064990761155022305,
            0.004942069921828796,
            0.027201902375901067,
            0.011259318845713092,
            0.0010837922303001046,
            0.0015497804347595575,
            0.0009008321385364,
            0.0032146496742188114,
            0.0016792181402364146,
            0.01072752348210832,
            0.007218608721583407,
            0.005179638485962903,
            0.0024428787410787347,
            0.006932858694470452,
            0.004784433785652665,
            0.003776645288551516,
            0.0024274034478069815,
            0.0055704540551839675,
            0.0024481155379158627,
            0.009423879350032366,
            0.005278075451435179,
            0.004570670154445435,
            0.002594406843969589,
            0.0011477545461210188,
            0.009977557057792684,
            0.004866783384311904,
            0.006628904945761632,
            0.012494982414892834,
            0.008305202203532988,
            0.0018142267284486028,
            0.0009676753486456364,
            0.0018735373797966377,
            0.0050620641884748544,
            0.00258919532515762,
            0.0024118657541254197,
            0.002442815467026892,
            0.0045539713585936205,
            0.010352534988743684,
            0.0115102949821797,
            0.0025523148205510316,
            0.001792855181188493,
            0.001673105222362227,
            0.002741095474782143,
            0.0024344186229714095,
            0.0008722031886769242,
            0.004989197308378639,
            0.0021536599209674265,
            0.008710715791520439,
            0.004175532326933658,
            0.0014364729543072398,
            0.0004332977623732367,
            0.0008577803719088666,
            0.0001372650853298233
        ]
    },
    "train_oa": {
        "type": "index_value",
        "index": [
            10,
            20,
            30,
            40,
            50,
            60,
            70,
            80,
            90,
            100
        ],
        "value": [
            99.698988836285,
            85.34397100941024,
            99.64638494359693,
            99.68145420538897,
            93.71383482377696,
            99.92401659945058,
            99.95031854579462,
            98.12379449412589,
            99.42427961891403,
            99.96785317669064
        ]
    },
    "train_aa": {
        "type": "index_value",
        "index": [
            10,
            20,
            30,
            40,
            50,
            60,
            70,
            80,
            90,
            100
        ],
        "value": [
            99.52982096149923,
            96.14996618892579,
            99.60317659693196,
            99.76156199334044,
            98.049941062302,
            99.83992863178864,
            99.90786319401195,
            97.02748449093716,
            99.821361581833,
            99.95266437318526
        ]
    },
    "train_kappa": {
        "type": "index_value",
        "index": [
            10,
            20,
            30,
            40,
            50,
            60,
            70,
            80,
            90,
            100
        ],
        "value": [
            99.60110891697089,
            81.70731508419506,
            99.53154651904347,
            99.57829434431598,
            91.87705342996975,
            99.8992938245284,
            99.93416543837395,
            97.50823723035123,
            99.23889324304805,
            99.95740257883782
        ]
    },
    "max_oa": {
        "type": "index_value",
        "index": [
            10,
            20,
            30,
            40,
            50,
            60,
            70,
            80,
            90,
            100
        ],
        "value": [
            99.698988836285,
            99.698988836285,
            99.698988836285,
            99.698988836285,
            99.698988836285,
            99.92401659945058,
            99.95031854579462,
            99.95031854579462,
            99.95031854579462,
            99.96785317669064
        ]
    },
    "eval_time": 5.106439828872681,
    "param": {
        "data": {
            "data_sign": "Pavia",
            "data_file": "Pavia_0.2_pc",
            "patch_size": 13,
            "serve_patch_size": 13,
            "batch_size": 64,
            "num_classes": 9,
            "pca": -1,
            "dim_heads": 64,
            "spectral_size": 103,
            "random_rotate": false,
            "noise_type": "clean"
        },
        "net": {
            "trainer": "transformer_origin",
            "use_mask": false,