{
    "epoch_loss": {
        "type": "index_value",
        "index": [
            1,
            2,
            3,
            4,
            5,
            6,
            7,
            8,
            9,
            10,
            11,
            12,
            13,
            14,
            15,
            16,
            17,
            18,
            19,
            20,
            21,
            22,
            23,
            24,
            25,
            26,
            27,
            28,
            29,
            30,
            31,
            32,
            33,
            34,
            35,
            36,
            37,
            38,
            39,
            40,
            41,
            42,
            43,
            44,
            45,
            46,
            47,
            48,
            49,
            50,
            51,
            52,
            53,
            54,
            55,
            56,
            57,
            58,
            59,
            60,
            61,
            62,
            63,
            64,
            65,
            66,
            67,
            68,
            69,
            70,
            71,
            72,
            73,
            74,
            75,
            76,
            77,
            78,
            79,
            80,
            81,
            82,
            83,
            84,
            85,
            86,
            87,
            88,
            89,
            90,
            91,
            92,
            93,
            94,
            95,
            96,
            97,
            98,
            99,
            100
        ],
        "value": [
            2.2052188131544326,
            2.093507538901435,
            1.7594740629196166,
            1.4800276438395181,
            1.2831135114034018,
            1.1139141731792026,
            1.0107856485578748,
            0.8782237754927741,
            0.8425857596927219,
            0.8049728035926819,
            0.6950985113779704,
            0.6596964014901056,
            0.6343504932191637,
            0.5248112572564019,
            0.4964028106795417,
            0.47981244855456884,
            0.41224807964430915,
            0.36365477244059247,
            0.319309534629186,
            0.26211711234516566,
            0.2291604194376204,
            0.1926240341530906,
            0.21691166427400377,
            0.22751696738931868,
            0.20431108971436818,
            0.19958098265859817,
            0.20914238492647808,
            0.16048561102814143,
            0.11034102688233058,
            0.12523107528686522,
            0.11269520852300856,
            0.10071418053574033,
            0.10700614253679912,
            0.11220597558551365,
            0.08377992825375663,
            0.11767918037043677,
            0.07326512502299415,
            0.09752504196431902,
            0.06358883364333047,
            0.05715917166736391,
            0.06155528558625115,
            0.048616155485312146,
            0.03761378915773498,
            0.047018000731865565,
            0.036767880370219545,
            0.03083044911424319,
            0.03165094943510161,
            0.0341079615884357,
            0.029978700230518976,
            0.028492116845316356,
            0.021767826254169145,
            0.025774847384956147,
            0.0230912490023507,
            0.02361057669752174,
            0.0242448220650355,
            0.019227249547839165,
            0.022292303211159176,
            0.016259176863564387,
            0.021947812040646872,
            0.014423789870407846,
            0.03733311535583602,
            0.02079286707772149,
            0.04059243235323164,
            0.027621372706360288,
            0.03981522259612878,
            0.022442288200060525,
            0.021333020056287448,
            0.016038470715284348,
            0.04436074992020925,
            0.03208963357739979,
            0.08221831801864836,
            0.02307066470384598,
            0.025669403705332015,
            0.021663551818993355,
            0.020294532386793032,
            0.019504664010471767,
            0.024075606796476575,
            0.019963720358080334,
            0.013780074980523851,
            0.014885402222474416,
            0.016200035644902123,
            0.015114897572331958,
            0.01458583010567559,
            0.013985394810636839,
            0.008487085946318177,
            0.07002427611086104,
            0.013610877469182015,
            0.14343050453397962,
            0.08001606166362762,
            0.06873662008179558,
            0.12735950383875105,
            0.06277414982517561,
            0.03628686351908578,
            0.06223546763261159,
            0.04487401147683461,
            0.035885864744583766,
            0.06073974635865953,
            0.02985486893190278,
            0.05439858138561249,
            0.04138965706030528
        ]
    },
    "train_oa": {
        "type": "index_value",
        "index": [
            10,
            20,
            30,
            40,
            50,
            60,
            70,
            80,
            90,
            100
        ],
        "value": [
            51.14088928454294,
            72.77795998688094,
            70.83821393431101,
            66.61434662418591,
            84.07674647425385,
            81.76919833200581,
            73.74314763622733,
            76.34821721407488,
            60.715457058520364,
            70.27362601321276
        ]
    },
    "train_aa": {
        "type": "index_value",
        "index": [
            10,
            20,
            30,
            40,
            50,
            60,
            70,
            80,
            90,
            100
        ],
        "value": [
            41.45445941867333,
            81.39041258696015,
            73.43456411557186,
            84.32161037154765,
            88.3195183592539,
            78.22349125121218,
            74.97571964795596,
            84.99513317024976,
            62.518778516050666,
            71.47292131039916
        ]
    },
    "train_kappa": {
        "type": "index_value",
        "index": [
            10,
            20,
            30,
            40,
            50,
            60,
            70,
            80,
            90,
            100
        ],
        "value": [
            20.396785703319498,
            65.77568910624605,
            62.770510569298075,
            60.359680539985746,
            79.540651310138,
            76.15652611559366,
            67.01735495071728,
            70.55961037715774,
            47.29484963819417,
            61.54659599813217
        ]
    },
    "max_oa": {
        "type": "index_value",
        "index": [
            10,
            20,
            30,
            40,
            50,
            60,
            70,
            80,
            90,
            100
        ],
        "value": [
            51.14088928454294,
            72.77795998688094,
            72.77795998688094,
            72.77795998688094,
            84.07674647425385,
            84.07674647425385,
            84.07674647425385,
            84.07674647425385,
            84.07674647425385,
            84.07674647425385
        ]
    },
    "eval_time": 10.744588375091553,
    "param": {
        "data": {
            "data_sign": "Pavia",
            "data_file": "Pavia_10",
            "patch_size": 13,
            "serve_patch_size": 13,
            "batch_size": 64,
            "num_classes": 9,
            "pca": -1,
            "dim_heads": 64,
            "spectral_size": 103,
            "random_rotate": false,
            "noise_type": "clean"
        },
        "net": {
            "trainer": "sqs",
            "use_mask": false,
            "net_type": "just_pixel",
            "mlp_head_dim": 64,
            "depth": 2,
            "dim": 64,