{
    "epoch_loss": {
        "type": "index_value",
        "index": [
            1,
            2,
            3,
            4,
            5,
            6,
            7,
            8,
            9,
            10,
            11,
            12,
            13,
            14,
            15,
            16,
            17,
            18,
            19,
            20,
            21,
            22,
            23,
            24,
            25,
            26,
            27,
            28,
            29,
            30,
            31,
            32,
            33,
            34,
            35,
            36,
            37,
            38,
            39,
            40,
            41,
            42,
            43,
            44,
            45,
            46,
            47,
            48,
            49,
            50
        ],
        "value": [
            0.4695966010458365,
            0.12554697315251057,
            0.08050067837542255,
            0.050188159309136074,
            0.04644675856509702,
            0.03805340910720008,
            0.035539728263099216,
            0.03403769284397534,
            0.03089900826284417,
            0.01612169903923513,
            0.0281874886841247,
            0.01658741758927811,
            0.03719088858827952,
            0.021363182983072364,
            0.012982575382604642,
            0.015666559299828017,
            0.024021306944883476,
            0.017795907167018506,
            0.017099376063124408,
            0.017420872527044714,
            0.02120579840307635,
            0.012465581250644491,
            0.01107008629785128,
            0.005807558368277651,
            0.011422942520342776,
            0.015539658584090685,
            0.009244069372714924,
            0.014838249075458719,
            0.008352907733350982,
            0.007880354563170858,
            0.01754427310074983,
            0.019720381632713647,
            0.017864803684565,
            0.012806524824700183,
            0.01615561559314457,
            0.008554156629908868,
            0.001539421136455959,
            0.0012126755851573831,
            0.0035394336099309363,
            0.02529372847435522,
            0.00583303319815292,
            0.016191429009588275,
            0.003641408863236906,
            0.003654338412486225,
            0.016504970330148187,
            0.006798872105016796,
            0.011326969359459656,
            0.013891115605356235,
            0.014259459976355873,
            0.00881002984950147
        ]
    },
    "train_oa": {
        "type": "index_value",
        "index": [
            10,
            20,
            30,
            40,
            50
        ],
        "value": [
            99.25477818691917,
            99.81880881407447,
            99.76912735986907,
            99.7866619907651,
            99.78081711379976
        ]
    },
    "train_aa": {
        "type": "index_value",
        "index": [
            10,
            20,
            30,
            40,
            50
        ],
        "value": [
            98.87402209409153,
            99.557062247768,
            99.70501687660283,
            99.58311450765405,
            99.5648023190568
        ]
    },
    "train_kappa": {
        "type": "index_value",
        "index": [
            10,
            20,
            30,
            40,
            50
        ],
        "value": [
            99.01194636975175,
            99.75984223455218,
            99.69407262580478,
            99.71719303952557,
            99.70942548982624
        ]
    },
    "max_oa": {
        "type": "index_value",
        "index": [
            10,
            20,
            30,
            40,
            50
        ],
        "value": [
            99.25477818691917,
            99.81880881407447,
            99.81880881407447,
            99.81880881407447,
            99.81880881407447
        ]
    },
    "eval_time": 6.875613212585449,
    "param": {
        "data": {
            "data_sign": "Pavia",
            "data_file": "Pavia_0.2_pc",
            "patch_size": 15,
            "serve_patch_size": 15,
            "batch_size": 64,
            "num_classes": 9,
            "pca": -1,
            "dim_heads": 64,
            "spectral_size": 103,
            "random_rotate": true,
            "noise_type": "clean"
        },
        "net": {
            "trainer": "transformer",
            "use_mask": false,
            "net_type": "just_pixel",
            "mlp_head_dim": 64,
            "depth": 2,
            "dim": 64,
            "heads": 20,
            "mask_pct": 50
        },
        "train": {
            "epochs": 50,
            "lr": 0.001,
            "weight_decay": 0,
            "temp": 20
        },
        "uniq_name": "pavia_0.2tranNEW03_split",
        "train_sign": "train",
        "path_model_save": "./save_models/pavia_0.2tranNEW03_split",
        "path_res": "./res_base/pavia_0.2tranNEW03_split_01111203",
        "path_pic": "./res_base/pavia_0.2tranNEW03_split_01111203.png"
    },
    "eval": {
        "classification": "              precision    recall  f1-score   support\n\n           0     0.9962    0.9994    0.9978      5304\n           1     0.9981    0.9997    0.9989     14919\n           2     0.9994    0.9738    0.9864      1679\n           3     0.9971    0.9951    0.9961      2451\n           4     1.0000    0.9981    0.9991      1076\n           5     1.0000    0.9975    0.9988      4023\n           6     1.0000    1.0000    1.0000      1064\n           7     0.9875    0.9956    0.9915      2945\n           8     0.9973    0.9921    0.9947       757\n\n    accuracy                         0.9972     34218\n   macro avg     0.9973    0.9946    0.9959     34218\nweighted avg     0.9972    0.9972    0.9972     34218\n",
        "oa": 99.72236834414635,
        "confusion": "[[ 5301     0     0     1     0     0     0     2     0]\n [    0 14914     0     5     0     0     0     0     0]\n [    9     0  1635     0     0     0     0    35     0]\n [    0    12     0  2439     0     0     0     0     0]\n [    0     0     0     0  1074     0     0     0     2]\n [    0    10     0     0     0  4013     0     0     0]\n [    0     0     0     0     0     0  1064     0     0]\n [   11     0     1     1     0     0     0  2932     0]\n [    0     6     0     0     0     0     0     0   751]]",
        "each_acc": "[ 99.94343891  99.96648569  97.3793925   99.51040392  99.81412639\n  99.75142928 100.          99.55857385  99.20739762]",
        "aa": 99.45902757417593,
        "kappa": 99.63195683465543
    }
}