{
    "epoch_loss": {
        "type": "index_value",
        "index": [
            1,
            2,
            3,
            4,
            5,
            6,
            7,
            8,
            9,
            10,
            11,
            12,
            13,
            14,
            15,
            16,
            17,
            18,
            19,
            20,
            21,
            22,
            23,
            24,
            25,
            26,
            27,
            28,
            29,
            30,
            31,
            32,
            33,
            34,
            35,
            36,
            37,
            38,
            39,
            40,
            41,
            42,
            43,
            44,
            45,
            46,
            47,
            48,
            49,
            50,
            51,
            52,
            53,
            54,
            55,
            56,
            57,
            58,
            59,
            60,
            61,
            62,
            63,
            64,
            65,
            66,
            67,
            68,
            69,
            70,
            71,
            72,
            73,
            74,
            75,
            76,
            77,
            78,
            79,
            80,
            81,
            82,
            83,
            84,
            85,
            86,
            87,
            88,
            89,
            90,
            91,
            92,
            93,
            94,
            95,
            96,
            97,
            98,
            99,
            100
        ],
        "value": [
            2.1597289562225344,
            1.588897082540724,
            1.341370850139194,
            1.2092359913720025,
            1.0755540317959256,
            0.9983658366733127,
            0.895499857266744,
            0.8709233204523722,
            0.7604136069615682,
            0.731101557943556,
            0.6658613761266072,
            0.5983594404326544,
            0.539240464899275,
            0.5239448348681132,
            0.4438672767745124,
            0.39889185362392,
            0.37663915554682414,
            0.36353724930021497,
            0.3530898292859395,
            0.34206127259466385,
            0.3087337507141961,
            0.2899588465690613,
            0.2526694099108378,
            0.26069491902987163,
            0.22957233587900797,
            0.19124803476863436,
            0.19899287157588536,
            0.18364583717452154,
            0.17986780636840397,
            0.16071521937847139,
            0.1691470503807068,
            0.11834102372328441,
            0.13862567875120374,
            0.17146461639139388,
            0.13106464081340366,
            0.1305401606692208,
            0.1695445391866896,
            0.10815566347704994,
            0.11780963407622444,
            0.1067279362016254,
            0.10540130866898431,
            0.13469914264149135,
            0.08062684999571906,
            0.095937932199902,
            0.08371066583527459,
            0.07340140359269248,
            0.074456301662657,
            0.06597555428743362,
            0.05960951927635405,
            0.06716525488429599,
            0.055151984095573425,
            0.04501050818297598,
            0.037502739992406636,
            0.037901436040798826,
            0.03988601466019948,
            0.04247858441538281,
            0.04500957777102788,
            0.04671178344223234,
            0.04264298917518722,
            0.04061085830132167,
            0.03502250537276268,
            0.03249444572461976,
            0.05274864137172699,
            0.041308851540088655,
            0.030228426886929408,
            0.03181043300363753,
            0.035850570268101165,
            0.020427662216954762,
            0.034509102006753285,
            0.04005964940620793,
            0.0790697478585773,
            0.07179059849845039,
            0.1326035757859548,
            0.10517571734057532,
            0.12802858551343282,
            0.13587521678871578,
            0.055913430286778344,
            0.0548849708504147,
            0.058666384468475975,
            0.08158698967761463,
            0.03308613325158755,
            0.03340383511450556,
            0.026528308043877284,
            0.030020957440137865,
            0.03775794150100814,
            0.03527606179316838,
            0.018024475706948175,
            0.02582149426970217,
            0.03239848232931561,
            0.029055637369553248,
            0.022852015722956923,
            0.026652330367101563,
            0.027728619592057333,
            0.035033228000005086,
            0.02701626626981629,
            0.015971465739938948,
            0.042506685025162166,
            0.03273395697275797,
            0.020351795624527665,
            0.02309147955642806
        ]
    },
    "train_oa": {
        "type": "index_value",
        "index": [
            10,
            20,
            30,
            40,
            50,
            60,
            70,
            80,
            90,
            100
        ],
        "value": [
            59.319214730825095,
            71.73780630651736,
            63.5969638757438,
            68.5072389073701,
            68.09024035983695,
            71.90647987630605,
            65.55779412453731,
            76.57311530712646,
            77.9178184884974,
            83.82607880804011
        ]
    },
    "train_aa": {
        "type": "index_value",
        "index": [
            10,
            20,
            30,
            40,
            50,
            60,
            70,
            80,
            90,
            100
        ],
        "value": [
            52.1177358358619,
            76.69323548068367,
            54.91426454550184,
            78.14968675220275,
            84.83757259238807,
            88.30635040743955,
            80.2649947502625,
            80.82748461651755,
            89.57060225905173,
            86.05326733988366
        ]
    },
    "train_kappa": {
        "type": "index_value",
        "index": [
            10,
            20,
            30,
            40,
            50,
            60,
            70,
            80,
            90,
            100
        ],
        "value": [
            42.79262700782104,
            64.72266400896491,
            51.851590696572146,
            60.49816907072876,
            61.81242029536702,
            66.12697754001562,
            59.18473308468683,
            69.75937570100717,
            72.7091801137058,
            78.75755517706381
        ]
    },
    "max_oa": {
        "type": "index_value",
        "index": [
            10,
            20,
            30,
            40,
            50,
            60,
            70,
            80,
            90,
            100
        ],
        "value": [
            59.319214730825095,
            71.73780630651736,
            71.73780630651736,
            71.73780630651736,
            71.73780630651736,
            71.90647987630605,
            71.90647987630605,
            76.57311530712646,
            77.9178184884974,
            83.82607880804011
        ]
    },
    "eval_time": 15.29586124420166,
    "param": {
        "data": {
            "data_sign": "Pavia",
            "data_file": "Pavia_10",
            "patch_size": 17,
            "serve_patch_size": 17,
            "batch_size": 64,
            "num_classes": 9,
            "pca": -1,
            "dim_heads": 64,
            "spectral_size": 103,
            "random_rotate": false,
            "noise_type": "clean"
        },
        "net": {
            "trainer": "transformer",
            "use_mask": true,
            "net_type": "just_pixel",
            "mlp_head_dim": 64,
            "depth": 2,
            "dim": 64,
            "heads": 20,