{
    "epoch_loss": {
        "type": "index_value",
        "index": [
            1,
            2,
            3,
            4,
            5,
            6,
            7,
            8,
            9,
            10,
            11,
            12,
            13,
            14,
            15,
            16,
            17,
            18,
            19,
            20,
            21,
            22,
            23,
            24,
            25,
            26,
            27,
            28,
            29,
            30,
            31,
            32,
            33,
            34,
            35,
            36,
            37,
            38,
            39,
            40,
            41,
            42,
            43,
            44,
            45,
            46,
            47,
            48,
            49,
            50,
            51,
            52,
            53,
            54,
            55,
            56,
            57,
            58,
            59,
            60,
            61,
            62,
            63,
            64,
            65,
            66,
            67,
            68,
            69,
            70,
            71,
            72,
            73,
            74,
            75,
            76,
            77,
            78,
            79,
            80,
            81,
            82,
            83,
            84,
            85,
            86,
            87,
            88,
            89,
            90,
            91,
            92,
            93,
            94,
            95,
            96,
            97,
            98,
            99,
            100
        ],
        "value": [
            2.1500574270884196,
            1.4406919770770603,
            1.1973414023717244,
            1.0926452173127068,
            0.9580256316396926,
            0.8659660829438104,
            0.7625206430753072,
            0.7500207901000977,
            0.6723881973160638,
            0.6785866856575012,
            0.4942379991213481,
            0.5342091732554965,
            0.435434439447191,
            0.44271752370728384,
            0.396411649386088,
            0.3481739156776004,
            0.3269488745265537,
            0.2833883517318302,
            0.3094741324583689,
            0.24399608108732435,
            0.2770984669526418,
            0.20868602957990434,
            0.22968100872304703,
            0.16165025300449795,
            0.20404434601465862,
            0.19076247546407912,
            0.13797386851575638,
            0.13547136767043008,
            0.14559218453036415,
            0.12306360834174686,
            0.12564911246299743,
            0.13404931657844119,
            0.09718818366527557,
            0.09496598939100902,
            0.13880464285612107,
            0.10560067445039749,
            0.08017216804954741,
            0.06665685690111584,
            0.0694223854276869,
            0.05539404840932952,
            0.051117107768853504,
            0.05734020570913951,
            0.043886559042665696,
            0.060050621794329746,
            0.03482834638820754,
            0.03977072230643696,
            0.058217139045397444,
            0.03631869537962808,
            0.03219892693062623,
            0.03524637437529034,
            0.0334062162372801,
            0.03146725677781635,
            0.023500294072760476,
            0.026918605383899476,
            0.03150144707825449,
            0.058063736889097425,
            0.03856326308515337,
            0.057830063584778046,
            0.03665739198525746,
            0.02426827765173382,
            0.03984748439656364,
            0.053869199918376076,
            0.025454198486275142,
            0.05290144168668323,
            0.0488732704685794,
            0.030189049078358544,
            0.026563044720225863,
            0.024881790247228412,
            0.039021983080440095,
            0.018126225347320238,
            0.036996017396450046,
            0.022242467602094015,
            0.02557054145468606,
            0.040373979343308344,
            0.024364572018384933,
            0.027219957444402906,
            0.03529187184241083,
            0.024953670054674148,
            0.019541323143574926,
            0.022663707700040607,
            0.0173354963461558,
            0.017561486032274035,
            0.013257131601373354,
            0.012459244537684653,
            0.011900997513698207,
            0.01676014442410734,
            0.013080161809921265,
            0.013547672082980473,
            0.01445721826619572,
            0.013040994190507464,
            0.010967284482386376,
            0.009121086489823129,
            0.008217768288320965,
            0.008772530779242515,
            0.008041848325067096,
            0.008794017819066842,
            0.007647528602845139,
            0.01051766255663501,
            0.006669986537761159,
            0.007720111579530769
        ]
    },
    "train_oa": {
        "type": "index_value",
        "index": [
            10,
            20,
            30,
            40,
            50,
            60,
            70,
            80,
            90,
            100
        ],
        "value": [
            31.22803729560043,
            78.28327788970623,
            80.65642130909431,
            81.9003888862859,
            81.29597526120976,
            75.05739586749755,
            76.1022349247997,
            84.20793702853395,
            80.84149369816802,
            83.270861640819
        ]
    },
    "train_aa": {
        "type": "index_value",
        "index": [
            10,
            20,
            30,
            40,
            50,
            60,
            70,
            80,
            90,
            100
        ],
        "value": [
            29.54442051277237,
            87.50623803526356,
            87.81240982165224,
            89.70685445148857,
            89.92738199055792,
            88.19522848354204,
            85.94502771719812,
            89.57983715229025,
            88.98025223661233,
            90.40153832651205
        ]
    },
    "train_kappa": {
        "type": "index_value",
        "index": [
            10,
            20,
            30,
            40,
            50,
            60,
            70,
            80,
            90,
            100
        ],
        "value": [
            19.779400604542207,
            72.93888372507094,
            75.44539318182177,
            77.07635190285258,
            76.42896809258096,
            69.25602092348497,
            69.81969374163023,
            79.63669611589486,
            75.68515743541208,
            78.7353388063673
        ]
    },
    "max_oa": {
        "type": "index_value",
        "index": [
            10,
            20,
            30,
            40,
            50,
            60,
            70,
            80,
            90,
            100
        ],
        "value": [
            31.22803729560043,
            78.28327788970623,
            80.65642130909431,
            81.9003888862859,
            81.9003888862859,
            81.9003888862859,
            81.9003888862859,
            84.20793702853395,
            84.20793702853395,
            84.20793702853395
        ]
    },
    "eval_time": 6.459550619125366,
    "param": {
        "data": {
            "data_sign": "Pavia",
            "data_file": "Pavia_10",
            "patch_size": 13,
            "serve_patch_size": 13,
            "batch_size": 64,
            "num_classes": 9,
            "pca": -1,
            "dim_heads": 64,
            "spectral_size": 103,
            "random_rotate": false,
            "noise_type": "clean"
        },
        "net": {
            "trainer": "transformer",
            "use_mask": false,
            "net_type": "just_pixel",
            "mlp_head_dim": 64,
            "depth": 2,
            "dim": 64,