{
    "epoch_loss": {
        "type": "index_value",
        "index": [
            1,
            2,
            3,
            4,
            5,
            6,
            7,
            8,
            9,
            10,
            11,
            12,
            13,
            14,
            15,
            16,
            17,
            18,
            19,
            20,
            21,
            22,
            23,
            24,
            25,
            26,
            27,
            28,
            29,
            30
        ],
        "value": [
            2.2033141718970404,
            1.620820230907864,
            1.335031157069736,
            1.1979988627963596,
            1.0706512027316624,
            0.9992004010412429,
            0.8932176815138922,
            0.8357628729608324,
            0.7833480424351162,
            0.6782316062185499,
            0.6526362260182699,
            0.6607269207636516,
            0.5341606206364102,
            0.483398981889089,
            0.4539792584048377,
            0.476141271326277,
            0.4251199589835273,
            0.37352913949224686,
            0.3638574699560801,
            0.32466863062646656,
            0.32680493858125476,
            0.2887720962365468,
            0.2610172278351254,
            0.23533294399579366,
            0.21339567436112297,
            0.1863316343890296,
            0.1762970937622918,
            0.19070142176416185,
            0.15873484015464784,
            0.12552737924787732
        ]
    },
    "train_oa": {
        "type": "index_value",
        "index": [
            10,
            20,
            30
        ],
        "value": [
            53.49529119617673,
            73.94227615611676,
            76.12566180949257
        ]
    },
    "train_aa": {
        "type": "index_value",
        "index": [
            10,
            20,
            30
        ],
        "value": [
            44.070932764011,
            71.2262742777275,
            79.82568390561698
        ]
    },
    "train_kappa": {
        "type": "index_value",
        "index": [
            10,
            20,
            30
        ],
        "value": [
            34.48771868701387,
            65.93352364465362,
            68.12879418915317
        ]
    },
    "max_oa": {
        "type": "index_value",
        "index": [
            10,
            20,
            30
        ],
        "value": [
            53.49529119617673,
            73.94227615611676,
            76.12566180949257
        ]
    },
    "eval_time": 6.476721286773682,
    "param": {
        "data": {
            "data_sign": "Pavia",
            "data_file": "Pavia_10",
            "patch_size": 13,
            "serve_patch_size": 13,
            "batch_size": 64,
            "num_classes": 9,
            "pca": -1,
            "dim_heads": 64,
            "spectral_size": 103,
            "random_rotate": false,
            "noise_type": "clean"
        },
        "net": {
            "trainer": "transformer",
            "use_mask": false,
            "net_type": "just_pixel",
            "mlp_head_dim": 64,
            "depth": 2,
            "dim": 64,
            "heads": 20,
            "mask_pct": 50
        },
        "train": {
            "epochs": 30,
            "lr": 0.001,
            "weight_decay": 0,
            "temp": 20
        },
        "uniq_name": "pavia_10base_split",
        "train_sign": "train",
        "path_model_save": "./save_models/pavia_10base_split",
        "path_res": "./res_base/pavia_10base_split_01101638",
        "path_pic": "./res_base/pavia_10base_split_01101638.png"
    },
    "eval": {
        "classification": "              precision    recall  f1-score   support\n\n           0     0.9944    0.5403    0.7001      6621\n           1     0.8077    0.8888    0.8463     18639\n           2     0.5091    0.9110    0.6532      2089\n           3     0.8152    0.8491    0.8318      3054\n           4     0.9838    1.0000    0.9918      1335\n           5     0.5839    0.3919    0.4690      5019\n           6     0.5785    0.9682    0.7243      1320\n           7     0.8578    0.6373    0.7312      3672\n           8     0.4687    0.9979    0.6378       937\n\n    accuracy                         0.7613     42686\n   macro avg     0.7332    0.7983    0.7317     42686\nweighted avg     0.7915    0.7613    0.7551     42686\n",
        "oa": 76.12566180949257,
        "confusion": "[[ 3577   407   690     1     0     5   930   227   784]\n [    0 16567     0   563     0  1273     0     0   236]\n [    1     1  1903     1     0     0     1   161    21]\n [    1   426     0  2593    18     0     0     0    16]\n [    0     0     0     0  1335     0     0     0     0]\n [    0  3052     0     0     0  1967     0     0     0]\n [   16    16     5     0     3     0  1278     0     2]\n [    1    43  1140    23     0   124     0  2340     1]\n [    1     0     0     0     1     0     0     0   935]]",
        "each_acc": "[ 54.02507174  88.88352379  91.09621829  84.90504257 100.\n  39.19107392  96.81818182  63.7254902   99.78655283]",
        "aa": 79.82568390561698,
        "kappa": 68.12879418915317
    }
}